Indice,URL,Nombre_Estacion,Latitud_DMS,Longitud_DMS,Altitud_msnm,Region,Latitud_Decimal,Longitud_Decimal
1,http://www.imn.ac.cr/especial/estacionLiberia.html,Automática del Aeropuerto Daniel Oduber en Liberia,10° 35' 20" N,85° 33' 08" O,78,Pacifico Norte,10.588889,-85.552222
2,http://www.imn.ac.cr/especial/estacionLiberia25.html,Automática del Aeropuerto Daniel Oduber en Liberia,10° 35' 36" N,85° 32' 16" O,82,Pacifico Norte,10.593333,-85.537778
3,http://www.imn.ac.cr/especial/estacionAranjuez.html,"Automática de Pithaya, Puntarenas, Puntarenas",10° 03' 28.4" N,84° 48' 25" O,30,Pacifico Norte,10.057889,-84.806944
4,https://www.imn.ac.cr/especial/estacionSardinal.html,Automática de Sardinal de Carrillo en Guanacaste,10° 30' 24.0" N,85° 41' 45.7" O,65,Pacifico Norte,10.506667,-85.696028
5,https://www.imn.ac.cr/especial/estacionGuayabo.html,Automática de Guayabo en la Fortuna de Bagaces de Guanacaste,10° 42' 54.0" N,85° 12' 4.00" O,532,Pacifico Norte,10.715,-85.201111
6,https://www.imn.ac.cr/especial/estacionPilangosta.html,Automática de Hojancha en Guanacaste,10° 01' 55.0" N,85° 24' 21.0" O,374,Pacifico Norte,10.031944,-85.405833
7,https://www.imn.ac.cr/especial/estacionStaMarta.html,Automática de Santa Marta de Hojancha en Guanacaste,09° 55' 47.0" N,85° 25' 49.0" O,100,Pacifico Norte,9.929722,-85.430278
8,https://www.imn.ac.cr/especial/estacionGarza.html,Automática Barco Quebradero,09° 54' 58.0" N,85° 36' 52.0" O,24,Pacifico Norte,9.916111,-85.614444
9,http://www.imn.ac.cr/especial/estacionHuacalito.html,Automática de Huacalito de Filadelfia en Carrillo Guanacaste,10° 23' 35.0" N,85° 24' 46.0" O,65,Pacifico Norte,10.393056,-85.412778
10,http://www.imn.ac.cr/especial/estacionBijagua.html,"Automática de Coopeguanacaste, Bijagua de Upala, Alajuela",10° 45' 11.40" N,85° 03' 20.1" O,435,Pacifico Norte,10.753167,-85.055583
11,http://www.imn.ac.cr/especial/estacionCopalchi.html,"Automática de Copalchí, La Cruz, Guanacaste",11° 12' 00.1" N,85° 37' 6.90" O,58,Pacifico Norte,11.200028,-85.618583
12,http://www.imn.ac.cr/especial/estacionPuraVida.html,"Automática en Dulce Nombre, Nicoya, Guanacaste",10° 05' 45.0" N,85° 28' 42.0" O,180,Pacifico Norte,10.095833,-85.478333
13,http://www.imn.ac.cr/especial/estacionpaloverde.html,"Automática de Palo Verde en Bagaces, Guanacaste",10° 20' 51.0" N,85° 21' 4.00" O,10,Pacifico Norte,10.3475,-85.351111
14,http://www.imn.ac.cr/especial/estacionLaCeiba.html,"Automática de Finca la Ceiba, Nicoya, Guanacaste",10° 06' 40.9" N,85° 19' 3.40" O,64,Pacifico Norte,10.111361,-85.317611
15,http://www.imn.ac.cr/especial/estacionGmastate.html,"Automática de Guayabal Mastate, Orotina, Alajuela",09° 55' 03" N,84° 35' 07" O,185,Pacifico Norte,9.9175,-84.585278
16,http://www.imn.ac.cr/especial/estacionMojica.html,"Automática de Hacienda Mojica, Bagaces, Guanacaste",10° 27' 10.0" N,85° 09' 55.0" O,33,Pacifico Norte,10.452778,-85.165278
17,http://www.imn.ac.cr/especial/estacionTaboga.html,"Automática de Hacienda Taboga, Cañas, Guanacaste",10° 20' 45.0" N,85° 10' 39.0" O,29,Pacifico Norte,10.345833,-85.1775
18,https://www.imn.ac.cr/especial/estacionLaCruz.html,Automática de la Cruz de Guanacaste,11° 03' 16.5" N,85° 37' 59.0" O,241,Pacifico Norte,11.054583,-85.633056
19,http://www.imn.ac.cr/especial/estacionMangarica.html,"Automática de Mangarica, Liberia Guanacaste",10° 36' 20.0" N,85° 27' 00.0" O,134,Pacifico Norte,10.605556,-85.45
20,http://www.imn.ac.cr/especial/estacionMaritza.html,"Automática en el Volcán Orosi;, La Cruz, Guanacaste",10° 57' 31.6" N,85° 29' 44.7" O,573,Pacifico Norte,10.958778,-85.49575
21,http://www.imn.ac.cr/especial/estacionlaGuinea.html,"Automática de Ingenio el Viejo, Filadelfia Guanacaste",10° 25' 09" N,85° 28' 24" O,87,Pacifico Norte,10.419167,-85.473333
22,http://www.imn.ac.cr/especial/estacionNicoya.html,"Automática de Nicoya, Guanacaste",10° 08' 44" N,85° 27' 07" O,130,Pacifico Norte,10.145556,-85.451944
23,http://www.imn.ac.cr/especial/estacionOroceiba.html,"Automática de Oroceiba, Orotina, Alajuela",09° 53' 48" N,84° 36' 00" O,133,Pacifico Norte,9.896667,-84.6
24,http://www.imn.ac.cr/especial/estacionMontezuma.html,"Automática de Palo Alto, Montezuma, Cañas, Guanacaste",10° 39' 52.6" N,85° 04' 49.5" O,467,Pacifico Norte,10.664611,-85.080417
25,http://www.imn.ac.cr/especial/estacionPaquera.html,"Automática de Paquera, Puntarenas",09° 49' 17.0" N,84° 56' 18.0" O,39,Pacifico Norte,9.821389,-84.938333
26,https://www.imn.ac.cr/especial/estacionNegritos.html,"Automática en Sitio el Aromal, Bagaces, Guanacaste",10° 23' 42.0" N,85° 19' 28.0" O,18,Pacifico Norte,10.395,-85.324444
27,https://www.imn.ac.cr/especial/estacionCipanci.html,"Automática de Refugio Nacional de Vida Silvestre Cipancí, Cañas, Guanacaste",10° 12' 43.0" N,85° 14' 4.00" O,3,Pacifico Norte,10.211944,-85.234444
28,http://www.imn.ac.cr/especial/estacionPinilla.html,Automática de Hacienda Pinilla,10° 15' 36.3" N,85° 50' 16.0" O,29,Pacifico Norte,10.260083,-85.837778
29,http://www.imn.ac.cr/especial/estacionSanMateo.html,"Automática de San Mateo, Alajuela",09° 55' 54" N,84° 31' 09" O,214,Pacifico Norte,9.931667,-84.519167
30,http://www.imn.ac.cr/especial/estacionStacecilia.html,"Automática de Santa Cecilia, La Cruz, Guanacaste",11° 04' 30.6" N,85° 27' 12.4" O,314,Pacifico Norte,11.075167,-85.453444
31,http://www.imn.ac.cr/especial/estacionStaElena.html,"Automática de Santa Elena, La Cruz, Guanacaste",10° 55' 11.9" N,85° 36' 38.4" O,282,Pacifico Norte,10.919972,-85.610667
32,http://www.imn.ac.cr/especial/estacionNandayure.html,Automática de Santa Rita de Nandayure Guanacaste,10° 01' 08" N,85° 15' 43" O,46,Pacifico Norte,10.018889,-85.261944
33,http://www.imn.ac.cr/especial/estacionstarosa.html,Automática de Santa Rosa Guanacaste,10° 50' 28.0" N,85° 37' 10.0" O,301,Pacifico Norte,10.841111,-85.619444
34,https://www.imn.ac.cr/especial/estacionSitioLaCruz.html,"Automática en Sitio La Cruz, Bagaces, Guanacaste",10° 28' 59.0" N,85° 24' 51.0" O,20,Pacifico Norte,10.483056,-85.414167
35,http://www.imn.ac.cr/especial/estacionInvenio.html,"Automática de Universidad Invenio, Cañas, Guanacaste",10° 28' 35.8" N,85° 03' 35.2" O,321,Pacifico Norte,10.476611,-85.059778
36,http://www.imn.ac.cr/especial/estacionStacruz.html,"Automática de la UCR Santa Cruz, Guanacaste",10° 17' 8.00" N,85° 35' 30.0" O,41,Pacifico Norte,10.285556,-85.591667
37,http://www.imn.ac.cr/especial/estacionArunachala.html,"Automática de Arunachala, Pérez Zeledón, San José",09° 24' 35.7" N,83° 49' 56.1" O,1012,Pacifico Central,9.409917,-83.83225
38,https://www.imn.ac.cr/especial/estacionSangabriel.html,"Automática de Asada San Gabriel, Desamparados, San José",09° 47' 01.8" N,84° 05' 46.7" O,1525,Pacifico Central,9.783833,-84.096306
39,http://www.imn.ac.cr/especial/estacionCM.html,Automática del Cerro Buena Vista de Pérez Zeledón,09° 33' 36" N,83° 45' 13" O,3400,Pacifico Central,9.56,-83.753611
40,http://www.imn.ac.cr/especial/estacionTarrazu.html,"Automática de El Rodeo, Tarrazú, San José",09° 40' 34.4" N,84° 01' 06.3" O,1647,Pacifico Central,9.676222,-84.018417
41,http://www.imn.ac.cr/especial/estacionDamas.html,"Automática de Finca Damas, Quepos, Puntarenas",09° 29' 43" N,84° 12' 53" O,12,Pacifico Central,9.495278,-84.214722
42,http://www.imn.ac.cr/especial/estacionligia.html,"Automática la Ligia, Parrita, Puntarenas",09° 30' 46" N,84° 20' 01" O,6,Pacifico Central,9.512778,-84.333611
43,http://www.imn.ac.cr/especial/estacionLucha.html,"Automática de la Lucha, León Cortés, San José",09° 44' 12" N,84° 00' 02" O,1740,Pacifico Central,9.736667,-84.000556
44,https://www.imn.ac.cr/especial/estacionquepos.html,"Automática de Marina Pez Vela, Quepos",09° 25' 34" N,84° 10' 15" O,3,Pacifico Central,9.426111,-84.170833
45,http://www.imn.ac.cr/especial/estacionHerradura.html,"Automática de Herradura, Garabito, Puntarenas",09° 39' 0.9" N,84° 39' 59.3" O,6,Pacifico Central,9.65025,-84.666472
46,http://www.imn.ac.cr/especial/estacionAltamira.html,"Automática del Parque Nacional la Amistad, Buenos Aires, Puntarenas",09° 01' 45" N,83° 00' 28" O,1370,Pacifico Sur,9.029167,-83.007778
47,http://www.imn.ac.cr/especial/estacionGiro.html,"Automática de Cafetalera Giro San Vito, Coto Brus, Puntarenas",08° 49' 05" N,82° 58' 16" O,1011,Pacifico Sur,8.818056,-82.971111
48,http://www.imn.ac.cr/especial/estacionSanVito.html,"Automática de San Vito, Coto Brus",08° 49' 58" N,82° 57' 10" O,1015,Pacifico Sur,8.832778,-82.952778
49,http://www.imn.ac.cr/especial/estacionChirripo.html,"Automática de Chirripó, Pérez Zeledón, San José",09° 27' 30.0" N,83° 30' 29.3" O,3440,Pacifico Sur,9.458333,-83.508139
50,http://www.imn.ac.cr/especial/estacionCoto49.html,"Automática de Coto 49, Corredores, Puntarenas",08° 37' 52.3" N,82° 58' 00.7" O,19,Pacifico Sur,8.631194,-82.966861
51,http://www.imn.ac.cr/especial/estacionJimenez.html,"Automática de Puerto Jiménez, Golfito, Puntarenas",08° 36' 3.5" N,83° 25' 52.2" O,19,Pacifico Sur,8.600972,-83.431167
52,http://www.imn.ac.cr/especial/estacionNeotropica.html,"Automática de la Fundación Neotrópica, Osa",08° 42' 02.9" N,83° 30' 51.0" O,66,Pacifico Sur,8.700806,-83.514167
53,https://www.imn.ac.cr/especial/estacionLasBrisas.html,"Automática de Las Brisas, Coto Brus, Puntarenas",08° 52' 38.5" N,82° 53' 27.6" O,1056,Pacifico Sur,8.877361,-82.891
54,http://www.imn.ac.cr/especial/estacionLaurel.html,"Automática de Laurel, Corredores, Puntarenas",08° 28' 17.8" N,82° 51' 38.2" O,25,Pacifico Sur,8.471611,-82.860611
55,http://www.imn.ac.cr/especial/estacionMontecarlo.html,"Automática de Montecarlo, Pérez Zeledón, San José",09° 21' 29.3" N,83° 36' 03.8" O,975,Pacifico Sur,9.358139,-83.601056
56,http://www.imn.ac.cr/especial/estacionMuseo.html,"Automática de Museo Las Esferas, Sierpe de Osa, Puntarenas",08° 54' 38.3" N,83° 28' 45.6" O,9,Pacifico Sur,8.910639,-83.479333
57,http://www.imn.ac.cr/especial/estacionPindeco.html,"Automática de Pindeco, Buenos Aires, Puntarenas",09° 08' 46.4" N,83° 20' 06.0" O,386,Pacifico Sur,9.146222,-83.335
58,http://www.imn.ac.cr/especial/estacionGreggund.html,"Automática de Greg Gund, Golfito, Puntarenas",08° 24' 40.4" N,83° 19' 13.6" O,235,Pacifico Sur,8.411222,-83.320444
59,https://www.imn.ac.cr/especial/estacionRioclaro.html,"Automática de Río Claro, Golfito, Puntarenas",08° 40' 26.6" N,83° 03' 43.4" O,31,Pacifico Sur,8.674056,-83.062056
60,http://www.imn.ac.cr/especial/estacionfortuna.html,Automática de ADIFORT en la Fortuna de San Carlos,10° 28' 03" N,84° 38' 49" O,266,Zona Norte,10.4675,-84.646944
61,http://www.imn.ac.cr/especial/estacionAeropzn.html,"Automática de Aeródromo Zona Norte, San Carlos, Alajuela",10° 29' 34.8" N,84° 25' 16.3" O,76,Zona Norte,10.493,-84.421194
62,https://www.imn.ac.cr/especial/estacionGuatuso.html,Automática San Rafael de Guatuso de Alajuela,10° 41' 10.0" N,84° 54' 37.0" O,160,Zona Norte,10.686111,-84.910278
63,http://www.imn.ac.cr/especial/estacionBalsa.html,"Automática de Balsa, San Ramón, Alajuela",10° 10' 28" N,84° 29' 49" O,1113,Zona Norte,10.174444,-84.496944
64,http://www.imn.ac.cr/especial/estacionBetania.html,"Automática de Betania, Cutris, San Carlos, Alajuela",10° 38' 40.1" N,84° 22' 55.5" O,89,Zona Norte,10.644472,-84.382083
65,http://www.imn.ac.cr/especial/estacionSarapiqui.html,"Automática de Comando Sarapiquí, Sarapiquí, Heredia",10° 26' 42.5" N,84° 00' 18.2" O,48,Zona Norte,10.445139,-84.005056
66,http://www.imn.ac.cr/especial/estacionTirimbina.html,"Automática de El Bosque, Río Tirimbina, La Virgen de Sarapiquí, Heredia",10° 25' 2.00" N,84° 07' 31.3" O,200,Zona Norte,10.417222,-84.125361
67,http://www.imn.ac.cr/especial/estacionBrasilia.html,"Automática de Finca Brasilia del Oro, Upala, Alajuela",10° 58' 59.7" N,85° 20' 50.0" O,381,Zona Norte,10.98325,-85.347222
68,http://www.imn.ac.cr/especial/estacionHidroelectrica.html,"Automática Hidroeléctrica El General, Horquetas de Sarapiquí, Heredia",10° 12' 13.1" N,83° 55' 59.4" O,483,Zona Norte,10.203639,-83.933167
69,http://www.imn.ac.cr/especial/estacionHorquetas.html,"Automática de Horquetas de Sarapiquí, Heredia",10° 18' 33.7" N,83° 56' 46.6" O,121,Zona Norte,10.309361,-83.946278
70,http://www.imn.ac.cr/especial/estacionPozoazul.html,"Automática de Hotel Pozo Azul, Sarapiquí, Heredia",10° 23' 8.90" N,84° 08' 22.4" O,208,Zona Norte,10.385806,-84.139556
71,http://www.imn.ac.cr/especial/estacionVblanca.html,"Automática de Hotel Villa Blanca, San Ramón, Alajuela",10° 12' 10" N,84° 29' 02" O,1125,Zona Norte,10.202778,-84.483889
72,http://www.imn.ac.cr/especial/estacionStaClara.html,"Automática del TEC, Sede Santa Clara, San Carlos, Alajuela",10° 21' 38.2" N,84° 30' 48.4" O,167,Zona Norte,10.360611,-84.513444
73,http://www.imn.ac.cr/especial/estacionRebusca.html,"Automática Finca la Rebusca, Puerto Viejo, Heredia",10° 28' 28.3" N,84° 00' 32.8" O,40,Zona Norte,10.474528,-84.009111
74,https://www.imn.ac.cr/especial/estacionPoas.html,"Automática del en el Volcán Poás, Alajuela",10° 11' 21.0" N,84° 13' 54.0" O,2598,Zona Norte,10.189167,-84.231667
75,http://www.imn.ac.cr/especial/estacionDelicias.html,"Automática Las Delicias en San Carlos, Alajuela",10° 26' 39.0" N,84° 18' 54.0" O,140,Zona Norte,10.444167,-84.315
76,http://www.imn.ac.cr/especial/estacionChiles.html,Automática de los Chiles de Alajuela,11° 01' 53.8" N,84° 42' 41.5" O,40,Zona Norte,11.031611,-84.711528
77,http://www.imn.ac.cr/especial/estacionSanGerardo.html,"Automática San Gerardo, La Virgen de Sarapiquí, Heredia",10° 24' 57.4" N,84° 09' 29.1" O,178,Zona Norte,10.415944,-84.158083
78,http://www.imn.ac.cr/especial/estacionSanVicente.html,"Automática de San Vicente, Ciudad Quesada, Alajuela",10° 16' 47.0" N,84° 23' 40.0" O,1431,Zona Norte,10.279722,-84.394444
79,http://www.imn.ac.cr/especial/estacionupala.html,"Automática de Upala, Alajuela",10° 52' 51.0" N,85° 04' 21.0" O,60,Zona Norte,10.880833,-85.0725
80,http://www.imn.ac.cr/especial/estacionTenorio.html,"Automática de Volcán Tenorio, Guatuso, Alajuela",10° 42' 56" N,84° 59' 13" O,680,Zona Norte,10.715556,-84.986944
81,http://www.imn.ac.cr/especial/estacioncoco.html,Automática del Tiempo Aeropuerto Juan Santamaría,09° 59' 21.0" N,84° 13' 6.00" O,897,Valle Central,9.989167,-84.218333
82,http://www.imn.ac.cr/especial/estacioncoco25.html,Automática del Aeropuerto Juan Santamaría,09° 59' 43.0" N,84° 12' 7.00" O,917,Valle Central,9.995278,-84.201944
83,http://www.imn.ac.cr/especial/estacionAitbp09.html,Automática del Aeropuerto Tobías Bolaños en Pavas Oeste 09,09° 57' 26.3" N,84° 08' 51.6" O,997,Valle Central,9.957306,-84.147667
84,http://www.imn.ac.cr/especial/estacionAlfredoVolio.html,Automática de Alfredo Volio en Cartago,09° 54' 31.0" N,83° 57' 17.2" O,1592,Valle Central,9.908611,-83.954778
85,http://www.imn.ac.cr/especial/estacionBarrancas.html,"Automática de Barrancas, El Guarco, Cartago",09° 50' 17.75" N,83° 57' 48.2" O,1400,Valle Central,9.838264,-83.963389
86,http://www.imn.ac.cr/especial/estacionBelen.html,"Automática de Belén, Heredia",09° 58' 30.0" N,84° 11' 8.00" O,926,Valle Central,9.975,-84.185556
87,https://www.imn.ac.cr/especial/estacionBibliotecaMSJ.html,"Automática de Biblioteca RAAG, Municipalidad de San José",09° 54' 46" N,84° 03' 29" O,1200,Valle Central,9.912778,-84.058056
88,http://www.imn.ac.cr/especial/estacionBurio.html,"Automática El Burío, Aserrí, San José",09° 50' 25.0" N,84° 06' 45.0" O,1811,Valle Central,9.840278,-84.1125
89,http://www.imn.ac.cr/especial/estacionCedral.html,"Automática de Cerro Cedral, Escazú, San José",09° 51' 41.1" N,84° 08' 45.2" O,2255,Valle Central,9.861417,-84.145889
90,http://www.imn.ac.cr/especial/estacionchitaria.html,"Automática de Cerro Chitaria, Santa Ana, San José",09° 53' 30.0" N,84° 11' 37.3" O,1717,Valle Central,9.891667,-84.193694
91,http://www.imn.ac.cr/especial/estacionJuco.html,Automática de Cerro Juco de Orosi en Paraiso de Cartago,09° 46' 31.5" N,83° 51' 53.1" O,1735,Valle Central,9.775417,-83.86475
92,http://www.imn.ac.cr/especial/estacionCigefi.html,"Automática de CIGEFI en Montes de Oca, San José",09° 56' 11.0" N,84° 02' 43.0" O,1210,Valle Central,9.936389,-84.045278
93,https://www.imn.ac.cr/especial/estacionCiudadninos.html,"Automática Ciudad de los Niños, Paraiso, Cartago",09° 50' 3.00" N,83° 55' 16.0" O,1338,Valle Central,9.834167,-83.921111
94,http://www.imn.ac.cr/especial/estacionJudicial.html,"Automática de Ciudad Judicial, San Joaquín, Heredia",10° 00' 25.0" N,84° 09' 50.0" O,1023,Valle Central,10.006944,-84.163889
95,http://www.imn.ac.cr/especial/estacionMuniStaAna.html,"Automática Centro Recuperacion Residuos Valorizables, Municipalidad de Santa Ana, San José",09° 56' 43.45" N,84° 13' 01.82" O,830,Valle Central,9.945403,-84.217172
96,https://www.imn.ac.cr/especial/estacionLindaVistadn.html,"Automática Linda Vista, Dulce Nombre, Cartago",09° 50' 18.79" N,83° 54' 29.79" O,1380,Valle Central,9.838553,-83.908275
97,http://www.imn.ac.cr/especial/estacionFABIO.html,Automática Fabio Baudrit,10° 00' 18.0" N,84° 15' 56.0" O,840,Valle Central,10.005,-84.265556
98,https://www.imn.ac.cr/especial/estacionLoslotes.html,"Automática de Finca Los Lotes, Unión, Cartago",09° 56' 10.35" N,83° 58' 20.73" O,1579,Valle Central,9.936208,-83.972425
99,http://www.imn.ac.cr/especial/estacionMacaya.html,"Automática de Finca los Macayas, Goicoechea, San José",09° 58' 7.00" N,83° 58' 16.6" O,1685,Valle Central,9.968611,-83.971278
100,http://www.imn.ac.cr/especial/estacion.html,Automática en el IMN en San José,09° 56' 16.6" N,84° 04' 11.0" O,1172,Valle Central,9.937944,-84.069722
101,http://www.imn.ac.cr/especial/estacionCartago.html,"Automática del Instituto Tecnológico de Costa Rica, Cartago",09° 51' 8.00" N,83° 54' 31.0" O,1360,Valle Central,9.852222,-83.908611
102,http://www.imn.ac.cr/especial/estacionIztaru.html,Automática de Iztarú Tres Rios Cartago,09° 53' 22.3" N,83° 58' 08.2" O,1680,Valle Central,9.889528,-83.968944
103,http://www.imn.ac.cr/especial/estacionJaboncillal.html,"Automática de Jaboncillal, Goichoechea, San José",09° 57' 21.0" N,83° 58' 52.0" O,1643,Valle Central,9.955833,-83.981111
104,http://www.imn.ac.cr/especial/estacionFraijanes.html,"Automática de Laguna Fraijanes, Alajuela, Alajuela",10° 08' 14.0" N,84° 11' 36.0" O,1740,Valle Central,10.137222,-84.193333
105,http://www.imn.ac.cr/especial/estacionLlanogrande.html,Automática de Llano Grande de Cartago,09° 56' 43.6" N,83° 55' 18.2" O,2220,Valle Central,9.945444,-83.921722
106,https://www.imn.ac.cr/especial/estacionPoas.html,"Automática del en el Volcán Poás, Alajuela",10° 11' 21.0" N,84° 13' 54.0" O,2598,Valle Central,10.189167,-84.231667
107,http://www.imn.ac.cr/especial/estacionPacayas.html,"Automática de Pacayas, Alvarado, Cartago",09° 54' 55.2" N,83° 48' 17.3" O,1712,Valle Central,9.915333,-83.804806
108,http://www.imn.ac.cr/especial/estacionPatio.html,"Automática de Patio de Agua, Vásquez de Coronado San José",09° 58' 37" N,83° 58' 12" O,1690,Valle Central,9.976944,-83.97
109,https://www.imn.ac.cr/especial/estacionPlantelMSJ.html,"Automática Plantel, Municipalidad de San José, San José",09° 55' 49" N,84° 05' 36" O,1137,Valle Central,9.930278,-84.093333
110,http://www.imn.ac.cr/especial/estacionGarita.html,"Automática de RECOPE La Garita, Alajuela",10° 00' 19.0" N,84° 17' 45.0" O,740,Valle Central,10.005278,-84.295833
111,https://www.imn.ac.cr/especial/estacionOchomogo.html,"Automática de Recope, Ochomogo, Cartago",09° 53' 40" N,83° 56' 19.41" O,1546,Valle Central,9.894444,-83.938725
112,https://www.imn.ac.cr/especial/estacionMuniStaAnaParaiso.html,"Automática Residencial Paraíso, Municipalidad de Santa Ana, San José",09° 55' 40.6" N,84° 12' 24.3" O,932,Valle Central,9.927944,-84.20675
113,http://www.imn.ac.cr/especial/estacionSTB.html,Automática de Santa Bárbara de Heredia,10° 02' 00" N,84° 09' 57" O,1070,Valle Central,10.033333,-84.165833
114,http://www.imn.ac.cr/especial/estacionsantalucia.html,"Automática de Santa Lucía, UNA Heredia",10° 01' 22.8" N,84° 06' 42.3" O,1257,Valle Central,10.023,-84.11175
115,http://www.imn.ac.cr/especial/estacionPotrero.html,"Automática de Potrero Cerrado, Sartalillo de Cartago",09° 54 ' 8.00" N,83° 53' 9.00" O,1943,Valle Central,9.902222,-83.885833
116,http://www.imn.ac.cr/especial/estacionUPaz.html,"Automática Universidad de la Paz, Mora, San José",09° 55' 13.0" N,84° 16' 22.0" O,818,Valle Central,9.920278,-84.272778
117,http://www.imn.ac.cr/especial/estacionUTN.html,"Automática de UTN, Atenas, Alajuela",09° 56' 8.00" N,84° 22' 47.3" O,437,Valle Central,9.935556,-84.379806
118,http://www.imn.ac.cr/especial/estacionVirazu.html,"Automática del Volcán Irazú, Alvarado, Cartago",09° 58' 48.0" N,83° 50' 16.1" O,3331,Valle Central,9.98,-83.837806
119,http://www.imn.ac.cr/especial/estacionCantagallo.html,"Automática de Canta Gallo, Cariari, Limón",10° 29' 49.0" N,83° 40' 16.7" O,31,Caribe Norte,10.496944,-83.671306
120,http://www.imn.ac.cr/especial/estacionRoxana.html,"Automática de Caramba Farms, Roxana, Pococí",10° 16' 7.00" N,83° 44' 47.0" O,113,Caribe Norte,10.268611,-83.746389
121,http://www.imn.ac.cr/especial/estacionearth.html,Automática de La Earth,10° 12' 46.0" N,83° 45' 40.5" O,10,Caribe Norte,10.212778,-83.76125
122,https://www.imn.ac.cr/especial/estacionFrutadePan.html,"Automática de Fruta de Pan, Guápiles, Limón",10° 11' 51.37" N,83° 51' 27.03" O,294,Caribe Norte,10.197603,-83.857508
123,https://www.imn.ac.cr/especial/estacionGuapiles.html,"Automática Finca Diamantes, Guápiles, Limón",10° 12' 42.2" N,83° 46' 19.1" O,262,Caribe Norte,10.211722,-83.771972
124,http://www.imn.ac.cr/especial/estacionRainforest.html,"Automática Rain Forest, Braulio Carrillo, Guápiles, Pococí, Limón",10° 10' 33.4" N,83° 55' 4.50" O,516,Caribe Norte,10.175944,-83.917917
125,https://www.imn.ac.cr/especial/estacionlimon.html,Automática del Aeropuerto de Limón,09° 57' 43.0" N,83° 01' 31.0" O,5,Caribe Sur,9.961944,-83.025278
126,http://www.imn.ac.cr/especial/estacionCatie.html,"Automática de CATIE, Turrialba, Cartago",09° 53' 29.0" N,83° 39' 11.0" O,610,Caribe Sur,9.891389,-83.653056
127,http://www.imn.ac.cr/especial/estacionCTPlasuiza.html,"Automática CTP La Suiza, Turrialba, Cartago",09° 51' 07.44" N,83° 37' 01.39" O,616,Caribe Sur,9.852067,-83.617053
128,http://www.imn.ac.cr/especial/estacionGavilanCanta.html,"Automática Gavilán Canta, Bratsi, Talamanca, Limón",09° 35' 41.3" N,83° 01' 33.8" O,124,Caribe Sur,9.594806,-83.026056
129,http://www.imn.ac.cr/especial/estacionHitoy.html,"Automática de Hitoy Cerere, Limón",09° 40' 23.1" N,83° 01' 28.4" O,170,Caribe Sur,9.673083,-83.024556
130,http://www.imn.ac.cr/especial/estacionManzanillo.html,"Automática de Manzanillo, Talamanca, Limón",09° 37' 53.4" N,82° 39' 39.7" O,16,Caribe Sur,9.6315,-82.661028
131,https://www.imn.ac.cr/especial/estacionJuanVinas.html,"Automática Juan Viñas, Jiménez, Cartago; CONDICIONES ACTUALES DEL TIEMPO Estación Automática dei Juan Viñas, Jiménez, Cartago",09° 53' 46.0" N,83° 44' 53.4" O,1181,Caribe Sur,9.896111,-83.748167
132,https://www.imn.ac.cr/especial/estacionMariaLuisa.html,"Automática Maria Luisa, Río Banano, Limón",09° 53' 39.1" N,83° 06' 25.6" O,84,Caribe Sur,9.894194,-83.107111
133,http://www.imn.ac.cr/especial/estacionMGuayabo.html,Automática de Monumento Nacional Guayabo en Turrialba de Cartago,09° 58' 10.0" N,83° 41' 21.0" O,1105,Caribe Sur,9.969444,-83.689167
134,http://www.imn.ac.cr/especial/estacionPtovargas.html,"Automática de Puerto Vargas Talamanca, Limón",09° 43' 54.0" N,82° 48' 54.0" O,10,Caribe Sur,9.731667,-82.815
135,http://www.imn.ac.cr/especial/estacionSitiomata.html,"Automática de Sitio Matas, Turrialba, Cartago",09° 52' 45.0" N,83° 37' 33.0" O,848,Caribe Sur,9.879167,-83.625833
136,http://www.imn.ac.cr/especial/estacionSixaola.html,"Automática de Sixaola, Talamanca, Limón",09°31' 39.0" N,82° 38' 1.00" O,99,Caribe Sur,9.5275,-82.633611
137,http://www.imn.ac.cr/especial/estacionturri.html,"Automática de Turrialba, Cartago",09° 54' 36" N,83° 40' 44" O,630,Caribe Sur,9.91,-83.678889
138,http://www.imn.ac.cr/especial/estacionVturri.html,"Automática en el Volcán Turrialba, Turrialba de Cartago",10° 01' 09" N,83° 45' 23" O,3343,Caribe Sur,10.019167,-83.756389
