Fecha_Captura,Lluvia_Ayer_7am_a_7am_mm,Origen_Lluvia_ROI,Lluvia_Desde_7am_mm,Precip_Ultima_Hora_mm,Temperatura_Actual_C,Sensacion_Termica_C,OCR_ROI_Lluvia_Texto,OCR_ROI_Lluvia_Op_Texto,Ruta_Captura_Imagen,Ruta_ROI_Lluvia,Ruta_ROI_Lluvia_Op,Estado,Indice,URL,Nombre_Estacion,Latitud_DMS,Longitud_DMS,Altitud_msnm,Region,Latitud_Decimal,Longitud_Decimal
2026-09-29 22:48:34,0.0,ROI_Lluvia_Opcional,,,,,De 7 a.m a7amd 00m,"E De 7 a. Ey a/a. A 16 18 20 22 0,0 J",capturas_lluvia\20260929_224834\estacion_1_full_1pct35.png,capturas_lluvia\20260929_224834\estacion_1_ROI_lluvia.png,capturas_lluvia\20260929_224834\estacion_1_ROI_lluvia_op.png,Éxito,1,http://www.imn.ac.cr/especial/estacionLiberia.html,Automática del Aeropuerto Daniel Oduber en Liberia,"10° 35' 20"" N","85° 33' 08"" O",78,Pacifico Norte,10.588889,-85.552222
2026-09-29 22:48:34,0.0,ROI_Lluvia_Estandar,,,,,"De 7 a.m a7amd 0,0",">= De 7 a. E a/a 2 MAS 20 22 0,0 J",capturas_lluvia\20260929_224834\estacion_2_full_1pct35.png,capturas_lluvia\20260929_224834\estacion_2_ROI_lluvia.png,capturas_lluvia\20260929_224834\estacion_2_ROI_lluvia_op.png,Éxito,2,http://www.imn.ac.cr/especial/estacionLiberia25.html,Automática del Aeropuerto Daniel Oduber en Liberia,"10° 35' 36"" N","85° 32' 16"" O",82,Pacifico Norte,10.593333,-85.537778
2026-09-29 22:48:34,0.0,ROI_Lluvia_Estandar,,,,,"De 7 a.md a7/amd 0,0","h-3 De 7 a.r E a 7 a.m A 0,0 0)",capturas_lluvia\20260929_224834\estacion_3_full_1pct35.png,capturas_lluvia\20260929_224834\estacion_3_ROI_lluvia.png,capturas_lluvia\20260929_224834\estacion_3_ROI_lluvia_op.png,Éxito,3,http://www.imn.ac.cr/especial/estacionAranjuez.html,"Automática de Pithaya, Puntarenas, Puntarenas","10° 03' 28.4"" N","84° 48' 25"" O",30,Pacifico Norte,10.057889,-84.806944
2026-09-29 22:48:34,0.0,ROI_Lluvia_Estandar,,,,,"De 7 a.md a7amd 0,0","| De 7 a.n | a 7 a.m 16 18 20 22 0,0 0",capturas_lluvia\20260929_224834\estacion_4_full_1pct35.png,capturas_lluvia\20260929_224834\estacion_4_ROI_lluvia.png,capturas_lluvia\20260929_224834\estacion_4_ROI_lluvia_op.png,Éxito,4,https://www.imn.ac.cr/especial/estacionSardinal.html,Automática de Sardinal de Carrillo en Guanacaste,"10° 30' 24.0"" N","85° 41' 45.7"" O",65,Pacifico Norte,10.506667,-85.696028
2026-09-29 22:48:34,0.2,ROI_Lluvia_Estandar,,,,,"De 7 a.md a 7a.md 0,2","3 De 7 a.r ml a7 am | 16 18 20 22 0,2 0",capturas_lluvia\20260929_224834\estacion_5_full_1pct35.png,capturas_lluvia\20260929_224834\estacion_5_ROI_lluvia.png,capturas_lluvia\20260929_224834\estacion_5_ROI_lluvia_op.png,Éxito,5,https://www.imn.ac.cr/especial/estacionGuayabo.html,Automática de Guayabo en la Fortuna de Bagaces de Guanacaste,"10° 42' 54.0"" N","85° 12' 4.00"" O",532,Pacifico Norte,10.715,-85.201111
2026-09-29 22:48:34,,,,,,,De 7 a.md a 7 a.m de,Ñ' De 7 a.n ñ a / a.m CARES 04 0,capturas_lluvia\20260929_224834\estacion_6_full_1pct35.png,capturas_lluvia\20260929_224834\estacion_6_ROI_lluvia.png,capturas_lluvia\20260929_224834\estacion_6_ROI_lluvia_op.png,Éxito,6,https://www.imn.ac.cr/especial/estacionPilangosta.html,Automática de Hojancha en Guanacaste,"10° 01' 55.0"" N","85° 24' 21.0"" O",374,Pacifico Norte,10.031944,-85.405833
2026-09-29 22:48:34,3.0,ROI_Lluvia_Estandar,,,,,"De 7 a.md a7/amd 3,0",É De 7 a.n El a 7 a.m AS 30 0,capturas_lluvia\20260929_224834\estacion_7_full_1pct35.png,capturas_lluvia\20260929_224834\estacion_7_ROI_lluvia.png,capturas_lluvia\20260929_224834\estacion_7_ROI_lluvia_op.png,Éxito,7,https://www.imn.ac.cr/especial/estacionStaMarta.html,Automática de Santa Marta de Hojancha en Guanacaste,"09° 55' 47.0"" N","85° 25' 49.0"" O",100,Pacifico Norte,9.929722,-85.430278
2026-09-29 22:48:34,,,,,,,er E er,De 7 a.m de ayer a 7 a.m de hoy:,capturas_lluvia\20260929_224834\estacion_8_full_1pct35.png,capturas_lluvia\20260929_224834\estacion_8_ROI_lluvia.png,capturas_lluvia\20260929_224834\estacion_8_ROI_lluvia_op.png,Éxito,8,https://www.imn.ac.cr/especial/estacionGarza.html,Automática Barco Quebradero,"09° 54' 58.0"" N","85° 36' 52.0"" O",24,Pacifico Norte,9.916111,-85.614444
2026-09-29 22:48:34,0.2,ROI_Lluvia_Estandar,,,,,"De 7 a.md a7/amd 0,2","mi De 7 a.r od a /a.m > | 6 18 20 22 0 , 2 o,",capturas_lluvia\20260929_224834\estacion_9_full_1pct35.png,capturas_lluvia\20260929_224834\estacion_9_ROI_lluvia.png,capturas_lluvia\20260929_224834\estacion_9_ROI_lluvia_op.png,Éxito,9,http://www.imn.ac.cr/especial/estacionHuacalito.html,Automática de Huacalito de Filadelfia en Carrillo Guanacaste,"10° 23' 35.0"" N","85° 24' 46.0"" O",65,Pacifico Norte,10.393056,-85.412778
2026-09-29 22:48:34,1.0,ROI_Lluvia_Estandar,,,,,"De 7 a.md a7/amd 1,0","18 De 7 a.r E a / a.m 1. EG 16 18 20 22 1,0 0,0",capturas_lluvia\20260929_224834\estacion_10_full_1pct35.png,capturas_lluvia\20260929_224834\estacion_10_ROI_lluvia.png,capturas_lluvia\20260929_224834\estacion_10_ROI_lluvia_op.png,Éxito,10,http://www.imn.ac.cr/especial/estacionBijagua.html,"Automática de Coopeguanacaste, Bijagua de Upala, Alajuela","10° 45' 11.40"" N","85° 03' 20.1"" O",435,Pacifico Norte,10.753167,-85.055583
2026-09-29 22:48:34,0.0,ROI_Lluvia_Estandar,,,,,"De 7 a.md a7/amd 0,0","| De 7 a.r | a 7a.m — 0,0",capturas_lluvia\20260929_224834\estacion_11_full_1pct35.png,capturas_lluvia\20260929_224834\estacion_11_ROI_lluvia.png,capturas_lluvia\20260929_224834\estacion_11_ROI_lluvia_op.png,Éxito,11,http://www.imn.ac.cr/especial/estacionCopalchi.html,"Automática de Copalchí, La Cruz, Guanacaste","11° 12' 00.1"" N","85° 37' 6.90"" O",58,Pacifico Norte,11.200028,-85.618583
2026-09-29 22:48:34,0.0,ROI_Lluvia_Estandar,,,,,"De 7 a.md a7/amd 0,0","| De 7 a.r | a 7a.m — 0,0",capturas_lluvia\20260929_224834\estacion_12_full_1pct35.png,capturas_lluvia\20260929_224834\estacion_12_ROI_lluvia.png,capturas_lluvia\20260929_224834\estacion_12_ROI_lluvia_op.png,Éxito,12,http://www.imn.ac.cr/especial/estacionPuraVida.html,"Automática en Dulce Nombre, Nicoya, Guanacaste","10° 05' 45.0"" N","85° 28' 42.0"" O",180,Pacifico Norte,10.095833,-85.478333
2026-09-29 22:48:34,14.4,ROI_Lluvia_Estandar,,,,,"De 7 a.md a 7 a.m de 14,4","x= a /a.m 0 O A 16 18 20 22 14,4",capturas_lluvia\20260929_224834\estacion_13_full_1pct35.png,capturas_lluvia\20260929_224834\estacion_13_ROI_lluvia.png,capturas_lluvia\20260929_224834\estacion_13_ROI_lluvia_op.png,Éxito,13,http://www.imn.ac.cr/especial/estacionpaloverde.html,"Automática de Palo Verde en Bagaces, Guanacaste","10° 20' 51.0"" N","85° 21' 4.00"" O",10,Pacifico Norte,10.3475,-85.351111
2026-09-29 22:48:34,0.4,ROI_Lluvia_Estandar,,,,,"De 7 a.md a7/amd 0,4","A De 7 a.r y! p/ a A 6 18 20 22 0,4 0",capturas_lluvia\20260929_224834\estacion_14_full_1pct35.png,capturas_lluvia\20260929_224834\estacion_14_ROI_lluvia.png,capturas_lluvia\20260929_224834\estacion_14_ROI_lluvia_op.png,Éxito,14,http://www.imn.ac.cr/especial/estacionLaCeiba.html,"Automática de Finca la Ceiba, Nicoya, Guanacaste","10° 06' 40.9"" N","85° 19' 3.40"" O",64,Pacifico Norte,10.111361,-85.317611
2026-09-29 22:48:34,0.0,ROI_Lluvia_Estandar,,,,,"De 7 a.md a7/amd 0,0","| De 7 a.r | a 7a.m — 0,0",capturas_lluvia\20260929_224834\estacion_15_full_1pct35.png,capturas_lluvia\20260929_224834\estacion_15_ROI_lluvia.png,capturas_lluvia\20260929_224834\estacion_15_ROI_lluvia_op.png,Éxito,15,http://www.imn.ac.cr/especial/estacionGmastate.html,"Automática de Guayabal Mastate, Orotina, Alajuela","09° 55' 03"" N","84° 35' 07"" O",185,Pacifico Norte,9.9175,-84.585278
2026-09-29 22:48:34,8.9,ROI_Lluvia_Estandar,,,,,"De 7 a.md a7amd 8,9","que De 7 a.r | E a /a.m A 8,8 0",capturas_lluvia\20260929_224834\estacion_16_full_1pct35.png,capturas_lluvia\20260929_224834\estacion_16_ROI_lluvia.png,capturas_lluvia\20260929_224834\estacion_16_ROI_lluvia_op.png,Éxito,16,http://www.imn.ac.cr/especial/estacionMojica.html,"Automática de Hacienda Mojica, Bagaces, Guanacaste","10° 27' 10.0"" N","85° 09' 55.0"" O",33,Pacifico Norte,10.452778,-85.165278
2026-09-29 22:48:34,3.2,ROI_Lluvia_Estandar,,,,,"De 7 a.md a7/amd 3,2","mi De 7 a.r od a /a.m A | 32 o,",capturas_lluvia\20260929_224834\estacion_17_full_1pct35.png,capturas_lluvia\20260929_224834\estacion_17_ROI_lluvia.png,capturas_lluvia\20260929_224834\estacion_17_ROI_lluvia_op.png,Éxito,17,http://www.imn.ac.cr/especial/estacionTaboga.html,"Automática de Hacienda Taboga, Cañas, Guanacaste","10° 20' 45.0"" N","85° 10' 39.0"" O",29,Pacifico Norte,10.345833,-85.1775
2026-09-29 22:48:34,0.0,ROI_Lluvia_Estandar,,,,,"De 7 a.md a7amd 0,0","| De 7 a.n | a 7a.m —_ 0,0 0",capturas_lluvia\20260929_224834\estacion_18_full_1pct35.png,capturas_lluvia\20260929_224834\estacion_18_ROI_lluvia.png,capturas_lluvia\20260929_224834\estacion_18_ROI_lluvia_op.png,Éxito,18,https://www.imn.ac.cr/especial/estacionLaCruz.html,Automática de la Cruz de Guanacaste,"11° 03' 16.5"" N","85° 37' 59.0"" O",241,Pacifico Norte,11.054583,-85.633056
2026-09-29 22:48:34,,,,,,,De 7 a.md a7amd 7/0,10 De 7 a.r E a 7a.m ¡A 16 18 20 22 / / 6 0,capturas_lluvia\20260929_224834\estacion_19_full_1pct35.png,capturas_lluvia\20260929_224834\estacion_19_ROI_lluvia.png,capturas_lluvia\20260929_224834\estacion_19_ROI_lluvia_op.png,Éxito,19,http://www.imn.ac.cr/especial/estacionMangarica.html,"Automática de Mangarica, Liberia Guanacaste","10° 36' 20.0"" N","85° 27' 00.0"" O",134,Pacifico Norte,10.605556,-85.45
2026-09-29 22:48:34,0.0,ROI_Lluvia_Estandar,,,,,"De 7 a.md a7/amd 0,0",| De 7 a.r E. a /a.m | 0.0 0,capturas_lluvia\20260929_224834\estacion_20_full_1pct35.png,capturas_lluvia\20260929_224834\estacion_20_ROI_lluvia.png,capturas_lluvia\20260929_224834\estacion_20_ROI_lluvia_op.png,Éxito,20,http://www.imn.ac.cr/especial/estacionMaritza.html,"Automática en el Volcán Orosi;, La Cruz, Guanacaste","10° 57' 31.6"" N","85° 29' 44.7"" O",573,Pacifico Norte,10.958778,-85.49575
2026-09-29 22:48:34,0.8,ROI_Lluvia_Estandar,,,,,"De 7 a.m d a 7 a.m de 0,8 mM","= De 7 a.r EN a / a.m O,",capturas_lluvia\20260929_224834\estacion_21_full_1pct35.png,capturas_lluvia\20260929_224834\estacion_21_ROI_lluvia.png,capturas_lluvia\20260929_224834\estacion_21_ROI_lluvia_op.png,Éxito,21,http://www.imn.ac.cr/especial/estacionlaGuinea.html,"Automática de Ingenio el Viejo, Filadelfia Guanacaste","10° 25' 09"" N","85° 28' 24"" O",87,Pacifico Norte,10.419167,-85.473333
2026-09-29 22:48:34,,,,,,,er E er,De 7 a.m de ayer a 7 a.m de hoy:,capturas_lluvia\20260929_224834\estacion_22_full_1pct35.png,capturas_lluvia\20260929_224834\estacion_22_ROI_lluvia.png,capturas_lluvia\20260929_224834\estacion_22_ROI_lluvia_op.png,Éxito,22,http://www.imn.ac.cr/especial/estacionNicoya.html,"Automática de Nicoya, Guanacaste","10° 08' 44"" N","85° 27' 07"" O",130,Pacifico Norte,10.145556,-85.451944
2026-09-29 22:48:34,0.0,ROI_Lluvia_Estandar,,,,,"De 7 a.md a 7 a.m de 0,0 m","| De 7 a.r | a 7 a.m 3 16 18 20 22 0,0 0,",capturas_lluvia\20260929_224834\estacion_23_full_1pct35.png,capturas_lluvia\20260929_224834\estacion_23_ROI_lluvia.png,capturas_lluvia\20260929_224834\estacion_23_ROI_lluvia_op.png,Éxito,23,http://www.imn.ac.cr/especial/estacionOroceiba.html,"Automática de Oroceiba, Orotina, Alajuela","09° 53' 48"" N","84° 36' 00"" O",133,Pacifico Norte,9.896667,-84.6
2026-09-29 22:48:34,,,,,,,er E er,De 7 a.m de ayer a 7 a.m de hoy:,capturas_lluvia\20260929_224834\estacion_24_full_1pct35.png,capturas_lluvia\20260929_224834\estacion_24_ROI_lluvia.png,capturas_lluvia\20260929_224834\estacion_24_ROI_lluvia_op.png,Éxito,24,http://www.imn.ac.cr/especial/estacionMontezuma.html,"Automática de Palo Alto, Montezuma, Cañas, Guanacaste","10° 39' 52.6"" N","85° 04' 49.5"" O",467,Pacifico Norte,10.664611,-85.080417
2026-09-29 22:48:34,0.0,ROI_Lluvia_Estandar,,,,,"De 7 a.md a7/amd 0,0","| De 7 a.r | a 7a.m —_ 0,0 0,",capturas_lluvia\20260929_224834\estacion_25_full_1pct35.png,capturas_lluvia\20260929_224834\estacion_25_ROI_lluvia.png,capturas_lluvia\20260929_224834\estacion_25_ROI_lluvia_op.png,Éxito,25,http://www.imn.ac.cr/especial/estacionPaquera.html,"Automática de Paquera, Puntarenas","09° 49' 17.0"" N","84° 56' 18.0"" O",39,Pacifico Norte,9.821389,-84.938333
2026-09-29 22:48:34,6.2,ROI_Lluvia_Estandar,,,,,"De 7 a.md a7/amd 6,2","E De 7 a.r E a 7 a.m ¡FO 16 18 20 22 6,2 O,",capturas_lluvia\20260929_224834\estacion_26_full_1pct35.png,capturas_lluvia\20260929_224834\estacion_26_ROI_lluvia.png,capturas_lluvia\20260929_224834\estacion_26_ROI_lluvia_op.png,Éxito,26,https://www.imn.ac.cr/especial/estacionNegritos.html,"Automática en Sitio el Aromal, Bagaces, Guanacaste","10° 23' 42.0"" N","85° 19' 28.0"" O",18,Pacifico Norte,10.395,-85.324444
2026-09-29 22:48:34,,,,,,,,Radiación Horaria Máxima:,capturas_lluvia\20260929_224834\estacion_27_full_1pct35.png,capturas_lluvia\20260929_224834\estacion_27_ROI_lluvia.png,capturas_lluvia\20260929_224834\estacion_27_ROI_lluvia_op.png,Éxito,27,http://www.imn.ac.cr/especial/estacionPuntarenas.html,"Automática de Puntarenas, Puntarenas","09° 58' 21"" N","84° 49' 51"" O",3,Pacifico Norte,9.9725,-84.830833
2026-09-29 22:48:34,1.2,ROI_Lluvia_Estandar,,,,,"De 7 a.md a7/amd 1,2","mi De 7 a.r Ei a /a.m A 12 o,",capturas_lluvia\20260929_224834\estacion_28_full_1pct35.png,capturas_lluvia\20260929_224834\estacion_28_ROI_lluvia.png,capturas_lluvia\20260929_224834\estacion_28_ROI_lluvia_op.png,Éxito,28,https://www.imn.ac.cr/especial/estacionCipanci.html,"Automática de Refugio Nacional de Vida Silvestre Cipancí, Cañas, Guanacaste","10° 12' 43.0"" N","85° 14' 4.00"" O",3,Pacifico Norte,10.211944,-85.234444
2026-09-29 22:48:34,0.0,ROI_Lluvia_Estandar,,,,,"De 7 amd a7amd 0,0","| De 7 a.r | a 7 a.m | 6 18 20 22 0,0",capturas_lluvia\20260929_224834\estacion_29_full_1pct35.png,capturas_lluvia\20260929_224834\estacion_29_ROI_lluvia.png,capturas_lluvia\20260929_224834\estacion_29_ROI_lluvia_op.png,Éxito,29,http://www.imn.ac.cr/especial/estacionPinilla.html,Automática de Hacienda Pinilla,"10° 15' 36.3"" N","85° 50' 16.0"" O",29,Pacifico Norte,10.260083,-85.837778
2026-09-29 22:48:34,,,,,,,er E er,De 7 a.m de ayer a 7 a.m de hoy:,capturas_lluvia\20260929_224834\estacion_30_full_1pct35.png,capturas_lluvia\20260929_224834\estacion_30_ROI_lluvia.png,capturas_lluvia\20260929_224834\estacion_30_ROI_lluvia_op.png,Éxito,30,http://www.imn.ac.cr/especial/estacionSanMateo.html,"Automática de San Mateo, Alajuela","09° 55' 54"" N","84° 31' 09"" O",214,Pacifico Norte,9.931667,-84.519167
2026-09-29 22:48:34,,,,,,,er E er,De 7 a.m de ayer a 7 a.m de hoy:,capturas_lluvia\20260929_224834\estacion_31_full_1pct35.png,capturas_lluvia\20260929_224834\estacion_31_ROI_lluvia.png,capturas_lluvia\20260929_224834\estacion_31_ROI_lluvia_op.png,Éxito,31,http://www.imn.ac.cr/especial/estacionStacecilia.html,"Automática de Santa Cecilia, La Cruz, Guanacaste","11° 04' 30.6"" N","85° 27' 12.4"" O",314,Pacifico Norte,11.075167,-85.453444
2026-09-29 22:48:34,33.8,ROI_Lluvia_Estandar,,,,,"De 7 a.md a / a.m de 33,8","il : De 7 a.r il : a 7 a.m 6 18 20 22 33,€ 0",capturas_lluvia\20260929_224834\estacion_32_full_1pct35.png,capturas_lluvia\20260929_224834\estacion_32_ROI_lluvia.png,capturas_lluvia\20260929_224834\estacion_32_ROI_lluvia_op.png,Éxito,32,http://www.imn.ac.cr/especial/estacionStaElena.html,"Automática de Santa Elena, La Cruz, Guanacaste","10° 55' 11.9"" N","85° 36' 38.4"" O",282,Pacifico Norte,10.919972,-85.610667
2026-09-29 22:48:34,0.0,ROI_Lluvia_Estandar,,,,,"De 7 amd a7amd 0,0","» De 7 a.r | | a7a.m + D4 06 08 0,0 o,",capturas_lluvia\20260929_224834\estacion_33_full_1pct35.png,capturas_lluvia\20260929_224834\estacion_33_ROI_lluvia.png,capturas_lluvia\20260929_224834\estacion_33_ROI_lluvia_op.png,Éxito,33,http://www.imn.ac.cr/especial/estacionNandayure.html,Automática de Santa Rita de Nandayure Guanacaste,"10° 01' 08"" N","85° 15' 43"" O",46,Pacifico Norte,10.018889,-85.261944
2026-09-29 22:48:34,5.2,ROI_Lluvia_Estandar,,,,,"De 7 a.md a7/amd 5,2","13 De 7 a.r 6 Ñ a7a.m AAA 572 o,",capturas_lluvia\20260929_224834\estacion_34_full_1pct35.png,capturas_lluvia\20260929_224834\estacion_34_ROI_lluvia.png,capturas_lluvia\20260929_224834\estacion_34_ROI_lluvia_op.png,Éxito,34,http://www.imn.ac.cr/especial/estacionstarosa.html,Automática de Santa Rosa Guanacaste,"10° 50' 28.0"" N","85° 37' 10.0"" O",301,Pacifico Norte,10.841111,-85.619444
2026-09-29 22:48:34,0.0,ROI_Lluvia_Estandar,,,,,"De 7 a.md a7/amd 0,0","1.1 De 7 a.r ando a7a.m a 0,0 0,",capturas_lluvia\20260929_224834\estacion_35_full_1pct35.png,capturas_lluvia\20260929_224834\estacion_35_ROI_lluvia.png,capturas_lluvia\20260929_224834\estacion_35_ROI_lluvia_op.png,Éxito,35,https://www.imn.ac.cr/especial/estacionSitioLaCruz.html,"Automática en Sitio La Cruz, Bagaces, Guanacaste","10° 28' 59.0"" N","85° 24' 51.0"" O",20,Pacifico Norte,10.483056,-85.414167
2026-09-29 22:48:34,0.2,ROI_Lluvia_Estandar,,,,,"De 7 a.md a7/amd 0,2","k--: De 7 a.r | 3 a 7 a.m A 0,72 0)",capturas_lluvia\20260929_224834\estacion_36_full_1pct35.png,capturas_lluvia\20260929_224834\estacion_36_ROI_lluvia.png,capturas_lluvia\20260929_224834\estacion_36_ROI_lluvia_op.png,Éxito,36,http://www.imn.ac.cr/especial/estacionInvenio.html,"Automática de Universidad Invenio, Cañas, Guanacaste","10° 28' 35.8"" N","85° 03' 35.2"" O",321,Pacifico Norte,10.476611,-85.059778
2026-09-29 22:48:34,3.4,ROI_Lluvia_Estandar,,,,,"De 7 amd a7amd 3,4","mi De 7 a.r =p a 7 a.m A 3,4 o,",capturas_lluvia\20260929_224834\estacion_37_full_1pct35.png,capturas_lluvia\20260929_224834\estacion_37_ROI_lluvia.png,capturas_lluvia\20260929_224834\estacion_37_ROI_lluvia_op.png,Éxito,37,http://www.imn.ac.cr/especial/estacionStacruz.html,"Automática de la UCR Santa Cruz, Guanacaste","10° 17' 8.00"" N","85° 35' 30.0"" O",41,Pacifico Norte,10.285556,-85.591667
2026-09-29 22:48:34,,,,,,,er E er,De 7 a.m de ayer a 7 a.m de hoy:,capturas_lluvia\20260929_224834\estacion_38_full_1pct35.png,capturas_lluvia\20260929_224834\estacion_38_ROI_lluvia.png,capturas_lluvia\20260929_224834\estacion_38_ROI_lluvia_op.png,Éxito,38,http://www.imn.ac.cr/especial/estacionArunachala.html,"Automática de Arunachala, Pérez Zeledón, San José","09° 24' 35.7"" N","83° 49' 56.1"" O",1012,Pacifico Central,9.409917,-83.83225
2026-09-29 22:48:34,3.4,ROI_Lluvia_Estandar,,,,,"De 7 a.md a7/amd 3,4",x= De 7 a.r E |] : a / a.m KE | 4 16 18 20 22 3 4 0l,capturas_lluvia\20260929_224834\estacion_39_full_1pct35.png,capturas_lluvia\20260929_224834\estacion_39_ROI_lluvia.png,capturas_lluvia\20260929_224834\estacion_39_ROI_lluvia_op.png,Éxito,39,https://www.imn.ac.cr/especial/estacionSangabriel.html,"Automática de Asada San Gabriel, Desamparados, San José","09° 47' 01.8"" N","84° 05' 46.7"" O",1525,Pacifico Central,9.783833,-84.096306
2026-09-29 22:48:34,24.2,ROI_Lluvia_Estandar,,,,,"De 7 a.md a7amd 24,2","a 1 De 7 a.r n 1 a /a.m ¡A ml 14 16 18 20 22 24,2",capturas_lluvia\20260929_224834\estacion_40_full_1pct35.png,capturas_lluvia\20260929_224834\estacion_40_ROI_lluvia.png,capturas_lluvia\20260929_224834\estacion_40_ROI_lluvia_op.png,Éxito,40,http://www.imn.ac.cr/especial/estacionCM.html,Automática del Cerro Buena Vista de Pérez Zeledón,"09° 33' 36"" N","83° 45' 13"" O",3400,Pacifico Central,9.56,-83.753611
2026-09-29 22:48:34,,,,,,,er E er,De 7 a.m de ayer a 7 a.m de hoy:,capturas_lluvia\20260929_224834\estacion_41_full_1pct35.png,capturas_lluvia\20260929_224834\estacion_41_ROI_lluvia.png,capturas_lluvia\20260929_224834\estacion_41_ROI_lluvia_op.png,Éxito,41,http://www.imn.ac.cr/especial/estacionTarrazu.html,"Automática de El Rodeo, Tarrazú, San José","09° 40' 34.4"" N","84° 01' 06.3"" O",1647,Pacifico Central,9.676222,-84.018417
2026-09-29 22:48:34,0.0,ROI_Lluvia_Estandar,,,,,"De 7 a.md a7/amd 0,0","IM De 7 a.r | a7a.m 6 18 20 22 0 0 o,",capturas_lluvia\20260929_224834\estacion_42_full_1pct35.png,capturas_lluvia\20260929_224834\estacion_42_ROI_lluvia.png,capturas_lluvia\20260929_224834\estacion_42_ROI_lluvia_op.png,Éxito,42,http://www.imn.ac.cr/especial/estacionDamas.html,"Automática de Finca Damas, Quepos, Puntarenas","09° 29' 43"" N","84° 12' 53"" O",12,Pacifico Central,9.495278,-84.214722
2026-09-29 22:48:34,0.0,ROI_Lluvia_Estandar,,,,,"De 7 a.md a7/amd 0,0","| De 7 a.r | a 7a.m | 16 18 20 22 0,0",capturas_lluvia\20260929_224834\estacion_43_full_1pct35.png,capturas_lluvia\20260929_224834\estacion_43_ROI_lluvia.png,capturas_lluvia\20260929_224834\estacion_43_ROI_lluvia_op.png,Éxito,43,http://www.imn.ac.cr/especial/estacionligia.html,"Automática la Ligia, Parrita, Puntarenas","09° 30' 46"" N","84° 20' 01"" O",6,Pacifico Central,9.512778,-84.333611
2026-09-29 22:48:34,16.4,ROI_Lluvia_Estandar,,,,,"De 7 a.md a7amd 16,4","Mm De 7 a.r e a / a.m AA l 1416 18 20 22 16,4 Jj",capturas_lluvia\20260929_224834\estacion_44_full_1pct35.png,capturas_lluvia\20260929_224834\estacion_44_ROI_lluvia.png,capturas_lluvia\20260929_224834\estacion_44_ROI_lluvia_op.png,Éxito,44,http://www.imn.ac.cr/especial/estacionLucha.html,"Automática de la Lucha, León Cortés, San José","09° 44' 12"" N","84° 00' 02"" O",1740,Pacifico Central,9.736667,-84.000556
2026-09-29 22:48:34,0.0,ROI_Lluvia_Estandar,,,,,"De 7 a.md a7amd 0,0","| De 7 a.r | a 7 a.m 16 18 20 22 0,0",capturas_lluvia\20260929_224834\estacion_45_full_1pct35.png,capturas_lluvia\20260929_224834\estacion_45_ROI_lluvia.png,capturas_lluvia\20260929_224834\estacion_45_ROI_lluvia_op.png,Éxito,45,https://www.imn.ac.cr/especial/estacionquepos.html,"Automática de Marina Pez Vela, Quepos","09° 25' 34"" N","84° 10' 15"" O",3,Pacifico Central,9.426111,-84.170833
2026-09-29 22:48:34,,,,,,,er E er,De 7 a.m de ayer a 7 a.m de hoy:,capturas_lluvia\20260929_224834\estacion_46_full_1pct35.png,capturas_lluvia\20260929_224834\estacion_46_ROI_lluvia.png,capturas_lluvia\20260929_224834\estacion_46_ROI_lluvia_op.png,Éxito,46,http://www.imn.ac.cr/especial/estacionHerradura.html,"Automática de Herradura, Garabito, Puntarenas","09° 39' 0.9"" N","84° 39' 59.3"" O",6,Pacifico Central,9.65025,-84.666472
2026-09-29 22:48:34,15.0,ROI_Lluvia_Estandar,,,,,"De 7 a.md a7amd 15,0","ei De 7 a.r 2 a 7a.m | hh | TO, 15,0 0",capturas_lluvia\20260929_224834\estacion_47_full_1pct35.png,capturas_lluvia\20260929_224834\estacion_47_ROI_lluvia.png,capturas_lluvia\20260929_224834\estacion_47_ROI_lluvia_op.png,Éxito,47,http://www.imn.ac.cr/especial/estacionAltamira.html,"Automática del Parque Nacional la Amistad, Buenos Aires, Puntarenas","09° 01' 45"" N","83° 00' 28"" O",1370,Pacifico Sur,9.029167,-83.007778
2026-09-29 22:48:34,,,,,,,er E er,De 7 a.m de ayer a 7 a.m de hoy:,capturas_lluvia\20260929_224834\estacion_48_full_1pct35.png,capturas_lluvia\20260929_224834\estacion_48_ROI_lluvia.png,capturas_lluvia\20260929_224834\estacion_48_ROI_lluvia_op.png,Éxito,48,http://www.imn.ac.cr/especial/estacionGiro.html,"Automática de Cafetalera Giro San Vito, Coto Brus, Puntarenas","08° 49' 05"" N","82° 58' 16"" O",1011,Pacifico Sur,8.818056,-82.971111
2026-09-29 22:48:34,29.8,ROI_Lluvia_Estandar,,,,,"De 7 a.md a / a.m de 29,8 |","E Y De 7 a.r M a /a.m MO A | 16 18 20 22 29,€ 0",capturas_lluvia\20260929_224834\estacion_49_full_1pct35.png,capturas_lluvia\20260929_224834\estacion_49_ROI_lluvia.png,capturas_lluvia\20260929_224834\estacion_49_ROI_lluvia_op.png,Éxito,49,http://www.imn.ac.cr/especial/estacionSanVito.html,"Automática de San Vito, Coto Brus","08° 49' 58"" N","82° 57' 10"" O",1015,Pacifico Sur,8.832778,-82.952778
2026-09-29 22:48:34,11.8,ROI_Lluvia_Estandar,,,,,"De 7 a.md a7/amd 11,8",po De 7 a.r 7 a 7 a.m le 0),capturas_lluvia\20260929_224834\estacion_50_full_1pct35.png,capturas_lluvia\20260929_224834\estacion_50_ROI_lluvia.png,capturas_lluvia\20260929_224834\estacion_50_ROI_lluvia_op.png,Éxito,50,http://www.imn.ac.cr/especial/estacionChirripo.html,"Automática de Chirripó, Pérez Zeledón, San José","09° 27' 30.0"" N","83° 30' 29.3"" O",3440,Pacifico Sur,9.458333,-83.508139
2026-09-29 22:48:34,24.0,ROI_Lluvia_Estandar,,,,,"De 7 a.md a7amd 24,0","2-4 De 7 a.r mt Ñ a /a.m AA | 24,0 0,",capturas_lluvia\20260929_224834\estacion_51_full_1pct35.png,capturas_lluvia\20260929_224834\estacion_51_ROI_lluvia.png,capturas_lluvia\20260929_224834\estacion_51_ROI_lluvia_op.png,Éxito,51,http://www.imn.ac.cr/especial/estacionCoto49.html,"Automática de Coto 49, Corredores, Puntarenas","08° 37' 52.3"" N","82° 58' 00.7"" O",19,Pacifico Sur,8.631194,-82.966861
2026-09-29 22:48:34,0.0,ROI_Lluvia_Estandar,,,,,"De 7 a.md a7/amd 0,0","| De 7 a.r | a 7 a.m | 6 18 20 22 0,0",capturas_lluvia\20260929_224834\estacion_52_full_1pct35.png,capturas_lluvia\20260929_224834\estacion_52_ROI_lluvia.png,capturas_lluvia\20260929_224834\estacion_52_ROI_lluvia_op.png,Éxito,52,http://www.imn.ac.cr/especial/estacionJimenez.html,"Automática de Puerto Jiménez, Golfito, Puntarenas","08° 36' 3.5"" N","83° 25' 52.2"" O",19,Pacifico Sur,8.600972,-83.431167
2026-09-29 22:48:34,,,,,,,er E er,De 7 a.m de ayer a 7 a.m de hoy:,capturas_lluvia\20260929_224834\estacion_53_full_1pct35.png,capturas_lluvia\20260929_224834\estacion_53_ROI_lluvia.png,capturas_lluvia\20260929_224834\estacion_53_ROI_lluvia_op.png,Éxito,53,http://www.imn.ac.cr/especial/estacionNeotropica.html,"Automática de la Fundación Neotrópica, Osa","08° 42' 02.9"" N","83° 30' 51.0"" O",66,Pacifico Sur,8.700806,-83.514167
2026-09-29 22:48:34,0.0,ROI_Lluvia_Estandar,,,,,"De 7 a.md a7/amd 0,0","io De 7 a.r H a 7a.m TA 10 12 14 16 0,0 0",capturas_lluvia\20260929_224834\estacion_54_full_1pct35.png,capturas_lluvia\20260929_224834\estacion_54_ROI_lluvia.png,capturas_lluvia\20260929_224834\estacion_54_ROI_lluvia_op.png,Éxito,54,https://www.imn.ac.cr/especial/estacionLasBrisas.html,"Automática de Las Brisas, Coto Brus, Puntarenas","08° 52' 38.5"" N","82° 53' 27.6"" O",1056,Pacifico Sur,8.877361,-82.891
2026-09-29 22:48:34,7.4,ROI_Lluvia_Estandar,,,,,"De 7 a.md a7/amd 7,4","mi De 7 a.r =p a 7 a.m —A / 4 o,",capturas_lluvia\20260929_224834\estacion_55_full_1pct35.png,capturas_lluvia\20260929_224834\estacion_55_ROI_lluvia.png,capturas_lluvia\20260929_224834\estacion_55_ROI_lluvia_op.png,Éxito,55,http://www.imn.ac.cr/especial/estacionLaurel.html,"Automática de Laurel, Corredores, Puntarenas","08° 28' 17.8"" N","82° 51' 38.2"" O",25,Pacifico Sur,8.471611,-82.860611
2026-09-29 22:48:34,0.6,ROI_Lluvia_Estandar,,,,,"De 7 a.md a7/amd 0,6","po De 7 a.r E-3 : a /a.m EN mm 1 112 14 16 18 0,6 J",capturas_lluvia\20260929_224834\estacion_56_full_1pct35.png,capturas_lluvia\20260929_224834\estacion_56_ROI_lluvia.png,capturas_lluvia\20260929_224834\estacion_56_ROI_lluvia_op.png,Éxito,56,http://www.imn.ac.cr/especial/estacionMontecarlo.html,"Automática de Montecarlo, Pérez Zeledón, San José","09° 21' 29.3"" N","83° 36' 03.8"" O",975,Pacifico Sur,9.358139,-83.601056
2026-09-29 22:48:34,0.0,ROI_Lluvia_Estandar,,,,,"De 7 a.md a7/amd 0,0","-— De 7 a.r y: a /a.m E 16 18 20 22 0,0 O,",capturas_lluvia\20260929_224834\estacion_57_full_1pct35.png,capturas_lluvia\20260929_224834\estacion_57_ROI_lluvia.png,capturas_lluvia\20260929_224834\estacion_57_ROI_lluvia_op.png,Éxito,57,http://www.imn.ac.cr/especial/estacionMuseo.html,"Automática de Museo Las Esferas, Sierpe de Osa, Puntarenas","08° 54' 38.3"" N","83° 28' 45.6"" O",9,Pacifico Sur,8.910639,-83.479333
2026-09-29 22:48:34,44.0,ROI_Lluvia_Estandar,,,,,"De 7 a.md a / a.m de 44,0",-h-<<f De 7 a.r Q+--- a /a.m A 44.( 0 ],capturas_lluvia\20260929_224834\estacion_58_full_1pct35.png,capturas_lluvia\20260929_224834\estacion_58_ROI_lluvia.png,capturas_lluvia\20260929_224834\estacion_58_ROI_lluvia_op.png,Éxito,58,http://www.imn.ac.cr/especial/estacionPindeco.html,"Automática de Pindeco, Buenos Aires, Puntarenas","09° 08' 46.4"" N","83° 20' 06.0"" O",386,Pacifico Sur,9.146222,-83.335
2026-09-29 22:48:34,,,,,,,er E er,De 7 a.m de ayer a 7 a.m de hoy:,capturas_lluvia\20260929_224834\estacion_59_full_1pct35.png,capturas_lluvia\20260929_224834\estacion_59_ROI_lluvia.png,capturas_lluvia\20260929_224834\estacion_59_ROI_lluvia_op.png,Éxito,59,http://www.imn.ac.cr/especial/estacionGreggund.html,"Automática de Greg Gund, Golfito, Puntarenas","08° 24' 40.4"" N","83° 19' 13.6"" O",235,Pacifico Sur,8.411222,-83.320444
2026-09-29 22:48:34,0.4,ROI_Lluvia_Opcional,,,,,De 7 a.md a7amd,"Mx De 7 a.r 2. a 7 a.m ] 16 18 20 22 0,4 o,",capturas_lluvia\20260929_224834\estacion_60_full_1pct35.png,capturas_lluvia\20260929_224834\estacion_60_ROI_lluvia.png,capturas_lluvia\20260929_224834\estacion_60_ROI_lluvia_op.png,Éxito,60,https://www.imn.ac.cr/especial/estacionRioclaro.html,"Automática de Río Claro, Golfito, Puntarenas","08° 40' 26.6"" N","83° 03' 43.4"" O",31,Pacifico Sur,8.674056,-83.062056
2026-09-29 22:48:34,21.6,ROI_Lluvia_Estandar,,,,,"e 7 a.m de 7 a.m de 21,6 m","ÓN De 7 a.m: Mia 1 | 16 18 2 2 21,6 O,",capturas_lluvia\20260929_224834\estacion_61_full_1pct35.png,capturas_lluvia\20260929_224834\estacion_61_ROI_lluvia.png,capturas_lluvia\20260929_224834\estacion_61_ROI_lluvia_op.png,Éxito,61,http://www.imn.ac.cr/especial/estacionfortuna.html,Automática de ADIFORT en la Fortuna de San Carlos,"10° 28' 03"" N","84° 38' 49"" O",266,Zona Norte,10.4675,-84.646944
2026-09-29 22:48:34,13.2,ROI_Lluvia_Estandar,,,,,"De 7 a.md a7a.md 13,2","ME De 7 a.r a ! a 7 a.m E A | A | F. 16 18 20 22 13,2 0)",capturas_lluvia\20260929_224834\estacion_62_full_1pct35.png,capturas_lluvia\20260929_224834\estacion_62_ROI_lluvia.png,capturas_lluvia\20260929_224834\estacion_62_ROI_lluvia_op.png,Éxito,62,http://www.imn.ac.cr/especial/estacionAeropzn.html,"Automática de Aeródromo Zona Norte, San Carlos, Alajuela","10° 29' 34.8"" N","84° 25' 16.3"" O",76,Zona Norte,10.493,-84.421194
2026-09-29 22:48:34,3.2,ROI_Lluvia_Estandar,,,,,"De 7 a.md a7/amd 3,2 N","== 4-- De 7 a.n cl A - | FF 16 18 20 22 3,2 )",capturas_lluvia\20260929_224834\estacion_63_full_1pct35.png,capturas_lluvia\20260929_224834\estacion_63_ROI_lluvia.png,capturas_lluvia\20260929_224834\estacion_63_ROI_lluvia_op.png,Éxito,63,https://www.imn.ac.cr/especial/estacionGuatuso.html,Automática San Rafael de Guatuso de Alajuela,"10° 41' 10.0"" N","84° 54' 37.0"" O",160,Zona Norte,10.686111,-84.910278
2026-09-29 22:48:34,9.6,ROI_Lluvia_Estandar,,,,,"De 7 a.md a7/amd 9,6",A De 7 a.r A a7a.m A. 956 0,capturas_lluvia\20260929_224834\estacion_64_full_1pct35.png,capturas_lluvia\20260929_224834\estacion_64_ROI_lluvia.png,capturas_lluvia\20260929_224834\estacion_64_ROI_lluvia_op.png,Éxito,64,http://www.imn.ac.cr/especial/estacionBalsa.html,"Automática de Balsa, San Ramón, Alajuela","10° 10' 28"" N","84° 29' 49"" O",1113,Zona Norte,10.174444,-84.496944
2026-09-29 22:48:34,2.6,ROI_Lluvia_Estandar,,,,,De 7 a.md a7/amd 2.6,"8 De 7 a.r 18 | a /a.m 16 18 20 22 2,0 0l",capturas_lluvia\20260929_224834\estacion_65_full_1pct35.png,capturas_lluvia\20260929_224834\estacion_65_ROI_lluvia.png,capturas_lluvia\20260929_224834\estacion_65_ROI_lluvia_op.png,Éxito,65,http://www.imn.ac.cr/especial/estacionBetania.html,"Automática de Betania, Cutris, San Carlos, Alajuela","10° 38' 40.1"" N","84° 22' 55.5"" O",89,Zona Norte,10.644472,-84.382083
2026-09-29 22:48:34,2.6,ROI_Lluvia_Estandar,,,,,"De 7 a.md a7/amd 2,6","1 De 7 a.r ce ] a /a.m | a 16 JN 2, 6 0",capturas_lluvia\20260929_224834\estacion_66_full_1pct35.png,capturas_lluvia\20260929_224834\estacion_66_ROI_lluvia.png,capturas_lluvia\20260929_224834\estacion_66_ROI_lluvia_op.png,Éxito,66,http://www.imn.ac.cr/especial/estacionSarapiqui.html,"Automática de Comando Sarapiquí, Sarapiquí, Heredia","10° 26' 42.5"" N","84° 00' 18.2"" O",48,Zona Norte,10.445139,-84.005056
2026-09-29 22:48:34,,,,,,,er E er,De 7 a.m de ayer a 7 a.m de hoy:,capturas_lluvia\20260929_224834\estacion_67_full_1pct35.png,capturas_lluvia\20260929_224834\estacion_67_ROI_lluvia.png,capturas_lluvia\20260929_224834\estacion_67_ROI_lluvia_op.png,Éxito,67,http://www.imn.ac.cr/especial/estacionTirimbina.html,"Automática de El Bosque, Río Tirimbina, La Virgen de Sarapiquí, Heredia","10° 25' 2.00"" N","84° 07' 31.3"" O",200,Zona Norte,10.417222,-84.125361
2026-09-29 22:48:34,0.2,ROI_Lluvia_Estandar,,,,,"De 7 a.md a7/amd 0,2","A De 7 a.r E a 7 a.m ] M6 18 20 22 0,2 16",capturas_lluvia\20260929_224834\estacion_68_full_1pct35.png,capturas_lluvia\20260929_224834\estacion_68_ROI_lluvia.png,capturas_lluvia\20260929_224834\estacion_68_ROI_lluvia_op.png,Éxito,68,http://www.imn.ac.cr/especial/estacionBrasilia.html,"Automática de Finca Brasilia del Oro, Upala, Alajuela","10° 58' 59.7"" N","85° 20' 50.0"" O",381,Zona Norte,10.98325,-85.347222
2026-09-29 22:48:34,31.4,ROI_Lluvia_Estandar,,,,,"De 7 amd a7amd 31,4","1.4 De 7 a.r ME Ñ a /a.m 4 Ma 1 En 20 22 31,4",capturas_lluvia\20260929_224834\estacion_69_full_1pct35.png,capturas_lluvia\20260929_224834\estacion_69_ROI_lluvia.png,capturas_lluvia\20260929_224834\estacion_69_ROI_lluvia_op.png,Éxito,69,http://www.imn.ac.cr/especial/estacionHidroelectrica.html,"Automática Hidroeléctrica El General, Horquetas de Sarapiquí, Heredia","10° 12' 13.1"" N","83° 55' 59.4"" O",483,Zona Norte,10.203639,-83.933167
2026-09-29 22:48:34,,,,,,,er E er,De 7 a.m de ayer a 7 a.m de hoy:,capturas_lluvia\20260929_224834\estacion_70_full_1pct35.png,capturas_lluvia\20260929_224834\estacion_70_ROI_lluvia.png,capturas_lluvia\20260929_224834\estacion_70_ROI_lluvia_op.png,Éxito,70,http://www.imn.ac.cr/especial/estacionHorquetas.html,"Automática de Horquetas de Sarapiquí, Heredia","10° 18' 33.7"" N","83° 56' 46.6"" O",121,Zona Norte,10.309361,-83.946278
2026-09-29 22:48:34,,,,,,,er E er,De 7 a.m de ayer a 7 a.m de hoy:,capturas_lluvia\20260929_224834\estacion_71_full_1pct35.png,capturas_lluvia\20260929_224834\estacion_71_ROI_lluvia.png,capturas_lluvia\20260929_224834\estacion_71_ROI_lluvia_op.png,Éxito,71,http://www.imn.ac.cr/especial/estacionPozoazul.html,"Automática de Hotel Pozo Azul, Sarapiquí, Heredia","10° 23' 8.90"" N","84° 08' 22.4"" O",208,Zona Norte,10.385806,-84.139556
2026-09-29 22:48:34,1.4,ROI_Lluvia_Estandar,,,,,"De 7 a.md a7amd 1,4","m De 7 a.r E o a7/a.m O a | 4 16 18 20 22 1,4 J",capturas_lluvia\20260929_224834\estacion_72_full_1pct35.png,capturas_lluvia\20260929_224834\estacion_72_ROI_lluvia.png,capturas_lluvia\20260929_224834\estacion_72_ROI_lluvia_op.png,Éxito,72,http://www.imn.ac.cr/especial/estacionVblanca.html,"Automática de Hotel Villa Blanca, San Ramón, Alajuela","10° 12' 10"" N","84° 29' 02"" O",1125,Zona Norte,10.202778,-84.483889
2026-09-29 22:48:34,80.8,ROI_Lluvia_Estandar,,,,,"De 7 a.md a7/amd 80,8","E De 7 a.r e T a 7 a.m MED a_ Vr 16 18 20 22 90,€ 0)",capturas_lluvia\20260929_224834\estacion_73_full_1pct35.png,capturas_lluvia\20260929_224834\estacion_73_ROI_lluvia.png,capturas_lluvia\20260929_224834\estacion_73_ROI_lluvia_op.png,Éxito,73,http://www.imn.ac.cr/especial/estacionStaClara.html,"Automática del TEC, Sede Santa Clara, San Carlos, Alajuela","10° 21' 38.2"" N","84° 30' 48.4"" O",167,Zona Norte,10.360611,-84.513444
2026-09-29 22:48:34,,,,,,,= |,00 PF 16 18 20 22 r,capturas_lluvia\20260929_224834\estacion_74_full_1pct35.png,capturas_lluvia\20260929_224834\estacion_74_ROI_lluvia.png,capturas_lluvia\20260929_224834\estacion_74_ROI_lluvia_op.png,Éxito,74,http://www.imn.ac.cr/especial/estacionRebusca.html,"Automática Finca la Rebusca, Puerto Viejo, Heredia","10° 28' 28.3"" N","84° 00' 32.8"" O",40,Zona Norte,10.474528,-84.009111
2026-09-29 22:48:34,4.4,ROI_Lluvia_Estandar,,,,,"De 7 a.md a7a.md 4,4",h De 7 a.r A a 7 a.m A 4 16 18 20 22 4 4 ;,capturas_lluvia\20260929_224834\estacion_75_full_1pct35.png,capturas_lluvia\20260929_224834\estacion_75_ROI_lluvia.png,capturas_lluvia\20260929_224834\estacion_75_ROI_lluvia_op.png,Éxito,75,https://www.imn.ac.cr/especial/estacionPoas.html,"Automática del en el Volcán Poás, Alajuela","10° 11' 21.0"" N","84° 13' 54.0"" O",2598,Zona Norte,10.189167,-84.231667
2026-09-29 22:48:34,23.8,ROI_Lluvia_Estandar,,,,,"De 7 a.md a7/amd 23,8","E De 7 a.r i a 7 a.m 14 le 18 20 22 23,€ J",capturas_lluvia\20260929_224834\estacion_76_full_1pct35.png,capturas_lluvia\20260929_224834\estacion_76_ROI_lluvia.png,capturas_lluvia\20260929_224834\estacion_76_ROI_lluvia_op.png,Éxito,76,http://www.imn.ac.cr/especial/estacionDelicias.html,"Automática Las Delicias en San Carlos, Alajuela","10° 26' 39.0"" N","84° 18' 54.0"" O",140,Zona Norte,10.444167,-84.315
2026-09-29 22:48:34,0.8,ROI_Lluvia_Estandar,,,,,"De 7 a.md a7a.md 0,8",A De 7 a.r Y a 7a.m A — 16 18 20 22 0 / 8 0,capturas_lluvia\20260929_224834\estacion_77_full_1pct35.png,capturas_lluvia\20260929_224834\estacion_77_ROI_lluvia.png,capturas_lluvia\20260929_224834\estacion_77_ROI_lluvia_op.png,Éxito,77,http://www.imn.ac.cr/especial/estacionChiles.html,Automática de los Chiles de Alajuela,"11° 01' 53.8"" N","84° 42' 41.5"" O",40,Zona Norte,11.031611,-84.711528
2026-09-29 22:48:34,,,,,,,Lluvia Desd,la última hora:,capturas_lluvia\20260929_224834\estacion_78_full_1pct35.png,capturas_lluvia\20260929_224834\estacion_78_ROI_lluvia.png,capturas_lluvia\20260929_224834\estacion_78_ROI_lluvia_op.png,Éxito,78,http://www.imn.ac.cr/especial/estacionMsagrada.html,"Automática Reserva Natural Montaña Sagrada, San Carlos, Alajuela","10° 15' 27.6"" N","84° 21' 21.5"" O",2035,Zona Norte,10.257667,-84.355972
2026-09-29 22:48:34,,,,,,,er E er,De 7 a.m de ayer a 7 a.m de hoy:,capturas_lluvia\20260929_224834\estacion_79_full_1pct35.png,capturas_lluvia\20260929_224834\estacion_79_ROI_lluvia.png,capturas_lluvia\20260929_224834\estacion_79_ROI_lluvia_op.png,Éxito,79,http://www.imn.ac.cr/especial/estacionSanGerardo.html,"Automática San Gerardo, La Virgen de Sarapiquí, Heredia","10° 24' 57.4"" N","84° 09' 29.1"" O",178,Zona Norte,10.415944,-84.158083
2026-09-29 22:48:34,,,,,,,er E er,De 7 a.m de ayer a 7 a.m de hoy:,capturas_lluvia\20260929_224834\estacion_80_full_1pct35.png,capturas_lluvia\20260929_224834\estacion_80_ROI_lluvia.png,capturas_lluvia\20260929_224834\estacion_80_ROI_lluvia_op.png,Éxito,80,http://www.imn.ac.cr/especial/estacionSanVicente.html,"Automática de San Vicente, Ciudad Quesada, Alajuela","10° 16' 47.0"" N","84° 23' 40.0"" O",1431,Zona Norte,10.279722,-84.394444
2026-09-29 22:48:34,0.0,ROI_Lluvia_Estandar,,,,,"De 7 a.md a 7 a.m de 0,0 m",4 De 7 a.r mt ] a 7 a.m A 16 18 20 22 0 / 0 1,capturas_lluvia\20260929_224834\estacion_81_full_1pct35.png,capturas_lluvia\20260929_224834\estacion_81_ROI_lluvia.png,capturas_lluvia\20260929_224834\estacion_81_ROI_lluvia_op.png,Éxito,81,http://www.imn.ac.cr/especial/estacionupala.html,"Automática de Upala, Alajuela","10° 52' 51.0"" N","85° 04' 21.0"" O",60,Zona Norte,10.880833,-85.0725
2026-09-29 22:48:34,0.0,ROI_Lluvia_Estandar,,,,,"De 7 a.md a7/amd 0,0",": De 7 a.r op a 7 a.m A a. | 16 18 20 22 0,0 0)",capturas_lluvia\20260929_224834\estacion_82_full_1pct35.png,capturas_lluvia\20260929_224834\estacion_82_ROI_lluvia.png,capturas_lluvia\20260929_224834\estacion_82_ROI_lluvia_op.png,Éxito,82,http://www.imn.ac.cr/especial/estacionTenorio.html,"Automática de Volcán Tenorio, Guatuso, Alajuela","10° 42' 56"" N","84° 59' 13"" O",680,Zona Norte,10.715556,-84.986944
2026-09-29 22:48:34,5.6,ROI_Lluvia_Estandar,,,,,"De 7 a.m a7a.md 5,6 n","E De 7a. E a7a. MANE sal 2 1514 16 18 20 22 5,€ Í",capturas_lluvia\20260929_224834\estacion_83_full_1pct35.png,capturas_lluvia\20260929_224834\estacion_83_ROI_lluvia.png,capturas_lluvia\20260929_224834\estacion_83_ROI_lluvia_op.png,Éxito,83,http://www.imn.ac.cr/especial/estacioncoco.html,Automática del Tiempo Aeropuerto Juan Santamaría,"09° 59' 21.0"" N","84° 13' 6.00"" O",897,Valle Central,9.989167,-84.218333
2026-09-29 22:48:34,29.6,ROI_Lluvia_Estandar,,,,,"De 7 a.md a7amd 29,6","Xx De 7 a. E e ! a7a. DH a. 2 1514 16 18 20 22 29, Í",capturas_lluvia\20260929_224834\estacion_84_full_1pct35.png,capturas_lluvia\20260929_224834\estacion_84_ROI_lluvia.png,capturas_lluvia\20260929_224834\estacion_84_ROI_lluvia_op.png,Éxito,84,http://www.imn.ac.cr/especial/estacioncoco25.html,Automática del Aeropuerto Juan Santamaría,"09° 59' 43.0"" N","84° 12' 7.00"" O",917,Valle Central,9.995278,-84.201944
2026-09-29 22:48:34,11.4,ROI_Lluvia_Estandar,,,,,"De 7 a.md a7/amd 11,4","E De 7 a.r E i a /a.m A A | 4 16 18 20 22 11,4 J",capturas_lluvia\20260929_224834\estacion_85_full_1pct35.png,capturas_lluvia\20260929_224834\estacion_85_ROI_lluvia.png,capturas_lluvia\20260929_224834\estacion_85_ROI_lluvia_op.png,Éxito,85,http://www.imn.ac.cr/especial/estacionAitbp09.html,Automática del Aeropuerto Tobías Bolaños en Pavas Oeste 09,"09° 57' 26.3"" N","84° 08' 51.6"" O",997,Valle Central,9.957306,-84.147667
2026-09-29 22:48:34,3.4,ROI_Lluvia_Estandar,,,,,"De 7 a.md a7/amd 3,4","E De 7 a.r E T . a /a.m _ RA = 16 18 20 22 3,4 0",capturas_lluvia\20260929_224834\estacion_86_full_1pct35.png,capturas_lluvia\20260929_224834\estacion_86_ROI_lluvia.png,capturas_lluvia\20260929_224834\estacion_86_ROI_lluvia_op.png,Éxito,86,http://www.imn.ac.cr/especial/estacionAlfredoVolio.html,Automática de Alfredo Volio en Cartago,"09° 54' 31.0"" N","83° 57' 17.2"" O",1592,Valle Central,9.908611,-83.954778
2026-09-29 22:48:34,,,,,,,,O,capturas_lluvia\20260929_224834\estacion_87_full_1pct35.png,capturas_lluvia\20260929_224834\estacion_87_ROI_lluvia.png,capturas_lluvia\20260929_224834\estacion_87_ROI_lluvia_op.png,Éxito,87,http://www.imn.ac.cr/especial/estaciontablazo.html,"Automática de Deslizamiento el Tablazo, Desamparados, San José","09° 50' 12"" N","84° 03' 18"" O",1660,Valle Central,9.836667,-84.055
2026-09-29 22:48:34,,,,,,,er E er,De 7 a.m de ayer a 7 a.m de hoy:,capturas_lluvia\20260929_224834\estacion_88_full_1pct35.png,capturas_lluvia\20260929_224834\estacion_88_ROI_lluvia.png,capturas_lluvia\20260929_224834\estacion_88_ROI_lluvia_op.png,Éxito,88,http://www.imn.ac.cr/especial/estacionBarrancas.html,"Automática de Barrancas, El Guarco, Cartago","09° 50' 17.75"" N","83° 57' 48.2"" O",1400,Valle Central,9.838264,-83.963389
2026-09-29 22:48:34,30.8,ROI_Lluvia_Estandar,,,,,"De 7 a.md a7/amd 30,8","Y De 7 a.r E e a 7 a.m MICA ] qe 16 18 20 22 30,0 J",capturas_lluvia\20260929_224834\estacion_89_full_1pct35.png,capturas_lluvia\20260929_224834\estacion_89_ROI_lluvia.png,capturas_lluvia\20260929_224834\estacion_89_ROI_lluvia_op.png,Éxito,89,http://www.imn.ac.cr/especial/estacionBelen.html,"Automática de Belén, Heredia","09° 58' 30.0"" N","84° 11' 8.00"" O",926,Valle Central,9.975,-84.185556
2026-09-29 22:48:34,0.0,ROI_Lluvia_Estandar,,,,,"De 7 a.md a7/amd 0,0","| De 7 a.r | a 7 a.m | 02 04 06 08 0,0",capturas_lluvia\20260929_224834\estacion_90_full_1pct35.png,capturas_lluvia\20260929_224834\estacion_90_ROI_lluvia.png,capturas_lluvia\20260929_224834\estacion_90_ROI_lluvia_op.png,Éxito,90,https://www.imn.ac.cr/especial/estacionBibliotecaMSJ.html,"Automática de Biblioteca RAAG, Municipalidad de San José","09° 54' 46"" N","84° 03' 29"" O",1200,Valle Central,9.912778,-84.058056
2026-09-29 22:48:34,9.72,ROI_Lluvia_Estandar,,,,,"De 7 a.md a7/amd 9,72","| De 7 a.r Ñ | a /a.m A | 16 18 20 22 9,72 J",capturas_lluvia\20260929_224834\estacion_91_full_1pct35.png,capturas_lluvia\20260929_224834\estacion_91_ROI_lluvia.png,capturas_lluvia\20260929_224834\estacion_91_ROI_lluvia_op.png,Éxito,91,http://www.imn.ac.cr/especial/estacionBurio.html,"Automática El Burío, Aserrí, San José","09° 50' 25.0"" N","84° 06' 45.0"" O",1811,Valle Central,9.840278,-84.1125
2026-09-29 22:48:34,5.4,ROI_Lluvia_Estandar,,,,,"De 7 a.md a7/amd 5,4","E De 7 a.r 3 a 7 a.m JO. _ o 8 20 22 00 02 5,4 5",capturas_lluvia\20260929_224834\estacion_92_full_1pct35.png,capturas_lluvia\20260929_224834\estacion_92_ROI_lluvia.png,capturas_lluvia\20260929_224834\estacion_92_ROI_lluvia_op.png,Éxito,92,http://www.imn.ac.cr/especial/estacionCedral.html,"Automática de Cerro Cedral, Escazú, San José","09° 51' 41.1"" N","84° 08' 45.2"" O",2255,Valle Central,9.861417,-84.145889
2026-09-29 22:48:34,8.0,ROI_Lluvia_Estandar,,,,,"708 8,0 |",Ñ a /a.m o a 00 02 04 8 + 6 0),capturas_lluvia\20260929_224834\estacion_93_full_1pct35.png,capturas_lluvia\20260929_224834\estacion_93_ROI_lluvia.png,capturas_lluvia\20260929_224834\estacion_93_ROI_lluvia_op.png,Éxito,93,http://www.imn.ac.cr/especial/estacionchitaria.html,"Automática de Cerro Chitaria, Santa Ana, San José","09° 53' 30.0"" N","84° 11' 37.3"" O",1717,Valle Central,9.891667,-84.193694
2026-09-29 22:48:34,17.2,ROI_Lluvia_Estandar,,,,,"De 7 amd a7amd 17,2","mp De 7 a.r E ¡ ] ] a 7 a.m 0 i ] ' 16 18 50 22 27,2",capturas_lluvia\20260929_224834\estacion_94_full_1pct35.png,capturas_lluvia\20260929_224834\estacion_94_ROI_lluvia.png,capturas_lluvia\20260929_224834\estacion_94_ROI_lluvia_op.png,Éxito,94,http://www.imn.ac.cr/especial/estacionJuco.html,Automática de Cerro Juco de Orosi en Paraiso de Cartago,"09° 46' 31.5"" N","83° 51' 53.1"" O",1735,Valle Central,9.775417,-83.86475
2026-09-29 22:48:34,0.6,ROI_Lluvia_Estandar,,,,,"De 7 a.md a7/amd 0,6","E De 7 a.r ME ] a /a.m som a. A 16 18 20 22 0,6 J",capturas_lluvia\20260929_224834\estacion_95_full_1pct35.png,capturas_lluvia\20260929_224834\estacion_95_ROI_lluvia.png,capturas_lluvia\20260929_224834\estacion_95_ROI_lluvia_op.png,Éxito,95,http://www.imn.ac.cr/especial/estacionCigefi.html,"Automática de CIGEFI en Montes de Oca, San José","09° 56' 11.0"" N","84° 02' 43.0"" O",1210,Valle Central,9.936389,-84.045278
2026-09-29 22:48:34,36.6,ROI_Lluvia_Estandar,,,,,"De 7 a.md a7/amd 36,6","* De 7 a.r o A 20 22 36,€",capturas_lluvia\20260929_224834\estacion_96_full_1pct35.png,capturas_lluvia\20260929_224834\estacion_96_ROI_lluvia.png,capturas_lluvia\20260929_224834\estacion_96_ROI_lluvia_op.png,Éxito,96,https://www.imn.ac.cr/especial/estacionCiudadninos.html,"Automática Ciudad de los Niños, Paraiso, Cartago","09° 50' 3.00"" N","83° 55' 16.0"" O",1338,Valle Central,9.834167,-83.921111
2026-09-29 22:48:34,9.8,ROI_Lluvia_Estandar,,,,,"De 7 a.md a7/amd 9,8","3 De 7a.r + TP a /a.m E_ ml J CC16 18 20 22 9,8 0)",capturas_lluvia\20260929_224834\estacion_97_full_1pct35.png,capturas_lluvia\20260929_224834\estacion_97_ROI_lluvia.png,capturas_lluvia\20260929_224834\estacion_97_ROI_lluvia_op.png,Éxito,97,http://www.imn.ac.cr/especial/estacionJudicial.html,"Automática de Ciudad Judicial, San Joaquín, Heredia","10° 00' 25.0"" N","84° 09' 50.0"" O",1023,Valle Central,10.006944,-84.163889
2026-09-29 22:48:34,45.4,ROI_Lluvia_Estandar,,,,,"De 7 a.md a7amd 45,4","Ñ De 7 a.r Ñ a /a.m :l AÑO | | dE o 20 5 45,4 0",capturas_lluvia\20260929_224834\estacion_98_full_1pct35.png,capturas_lluvia\20260929_224834\estacion_98_ROI_lluvia.png,capturas_lluvia\20260929_224834\estacion_98_ROI_lluvia_op.png,Éxito,98,http://www.imn.ac.cr/especial/estacionMuniStaAna.html,"Automática Centro Recuperacion Residuos Valorizables, Municipalidad de Santa Ana, San José","09° 56' 43.45"" N","84° 13' 01.82"" O",830,Valle Central,9.945403,-84.217172
2026-09-29 22:48:34,,,,,,,er E er,De 7 a.m de ayer a 7 a.m de hoy:,capturas_lluvia\20260929_224834\estacion_99_full_1pct35.png,capturas_lluvia\20260929_224834\estacion_99_ROI_lluvia.png,capturas_lluvia\20260929_224834\estacion_99_ROI_lluvia_op.png,Éxito,99,https://www.imn.ac.cr/especial/estacionLindaVistadn.html,"Automática Linda Vista, Dulce Nombre, Cartago","09° 50' 18.79"" N","83° 54' 29.79"" O",1380,Valle Central,9.838553,-83.908275
2026-09-29 22:48:34,1.4,ROI_Lluvia_Estandar,,,,,"De 7 a.md a7/amd 1,4","in De 7 a.r E a 7 a.m E $ 4 16 18 20 22 7,4 Í",capturas_lluvia\20260929_224834\estacion_100_full_1pct35.png,capturas_lluvia\20260929_224834\estacion_100_ROI_lluvia.png,capturas_lluvia\20260929_224834\estacion_100_ROI_lluvia_op.png,Éxito,100,http://www.imn.ac.cr/especial/estacionFABIO.html,Automática Fabio Baudrit,"10° 00' 18.0"" N","84° 15' 56.0"" O",840,Valle Central,10.005,-84.265556
2026-09-29 22:48:34,,,,,,,er E er,De 7 a.m de ayer a 7 a.m de hoy:,capturas_lluvia\20260929_224834\estacion_101_full_1pct35.png,capturas_lluvia\20260929_224834\estacion_101_ROI_lluvia.png,capturas_lluvia\20260929_224834\estacion_101_ROI_lluvia_op.png,Éxito,101,https://www.imn.ac.cr/especial/estacionLoslotes.html,"Automática de Finca Los Lotes, Unión, Cartago","09° 56' 10.35"" N","83° 58' 20.73"" O",1579,Valle Central,9.936208,-83.972425
2026-09-29 22:48:34,,,,,,,er E er,De 7 a.m de ayer a 7 a.m de hoy:,capturas_lluvia\20260929_224834\estacion_102_full_1pct35.png,capturas_lluvia\20260929_224834\estacion_102_ROI_lluvia.png,capturas_lluvia\20260929_224834\estacion_102_ROI_lluvia_op.png,Éxito,102,http://www.imn.ac.cr/especial/estacionMacaya.html,"Automática de Finca los Macayas, Goicoechea, San José","09° 58' 7.00"" N","83° 58' 16.6"" O",1685,Valle Central,9.968611,-83.971278
2026-09-29 22:48:34,0.8,ROI_Lluvia_Estandar,,,,,"De 7 amd a7amd 0,8",". De 7 a.r . : a 7 a.m = mM MU a/1 16 18 20 22 0,8 0",capturas_lluvia\20260929_224834\estacion_103_full_1pct35.png,capturas_lluvia\20260929_224834\estacion_103_ROI_lluvia.png,capturas_lluvia\20260929_224834\estacion_103_ROI_lluvia_op.png,Éxito,103,http://www.imn.ac.cr/especial/estacion.html,Automática en el IMN en San José,"09° 56' 16.6"" N","84° 04' 11.0"" O",1172,Valle Central,9.937944,-84.069722
2026-09-29 22:48:34,10.4,ROI_Lluvia_Estandar,,,,,"De 7 a.md a7amd 10,4","H De 7 a.r E ] a 7 a.m MO 0 A 16 18 20 2 10,4 0)",capturas_lluvia\20260929_224834\estacion_104_full_1pct35.png,capturas_lluvia\20260929_224834\estacion_104_ROI_lluvia.png,capturas_lluvia\20260929_224834\estacion_104_ROI_lluvia_op.png,Éxito,104,http://www.imn.ac.cr/especial/estacionCartago.html,"Automática del Instituto Tecnológico de Costa Rica, Cartago","09° 51' 8.00"" N","83° 54' 31.0"" O",1360,Valle Central,9.852222,-83.908611
2026-09-29 22:48:34,3.0,ROI_Lluvia_Estandar,,,,,"De 7 a.md a7/amd 3,0","E De 7 a.r de i i , a / a.m a Ma i 1416 18 20 22 3,6 0",capturas_lluvia\20260929_224834\estacion_105_full_1pct35.png,capturas_lluvia\20260929_224834\estacion_105_ROI_lluvia.png,capturas_lluvia\20260929_224834\estacion_105_ROI_lluvia_op.png,Éxito,105,http://www.imn.ac.cr/especial/estacionIztaru.html,Automática de Iztarú Tres Rios Cartago,"09° 53' 22.3"" N","83° 58' 08.2"" O",1680,Valle Central,9.889528,-83.968944
2026-09-29 22:48:34,,,,,,,er E er,De 7 a.m de ayer a 7 a.m de hoy:,capturas_lluvia\20260929_224834\estacion_106_full_1pct35.png,capturas_lluvia\20260929_224834\estacion_106_ROI_lluvia.png,capturas_lluvia\20260929_224834\estacion_106_ROI_lluvia_op.png,Éxito,106,http://www.imn.ac.cr/especial/estacionJaboncillal.html,"Automática de Jaboncillal, Goichoechea, San José","09° 57' 21.0"" N","83° 58' 52.0"" O",1643,Valle Central,9.955833,-83.981111
2026-09-29 22:48:34,4.4,ROI_Lluvia_Estandar,,,,,"De 7 a.md a7amd 4,4","AA De 7 a.r E a 7 a.m UN l 14 16 18 20 22 4,4 0)",capturas_lluvia\20260929_224834\estacion_107_full_1pct35.png,capturas_lluvia\20260929_224834\estacion_107_ROI_lluvia.png,capturas_lluvia\20260929_224834\estacion_107_ROI_lluvia_op.png,Éxito,107,http://www.imn.ac.cr/especial/estacionFraijanes.html,"Automática de Laguna Fraijanes, Alajuela, Alajuela","10° 08' 14.0"" N","84° 11' 36.0"" O",1740,Valle Central,10.137222,-84.193333
2026-09-29 22:48:34,13.0,ROI_Lluvia_Estandar,,,,,"De 7 a.md a7amd 13,0","-<b- De 7 a.r 3 a 7 a.m PA J fl 4 16 18 20 22 13,0 J",capturas_lluvia\20260929_224834\estacion_108_full_1pct35.png,capturas_lluvia\20260929_224834\estacion_108_ROI_lluvia.png,capturas_lluvia\20260929_224834\estacion_108_ROI_lluvia_op.png,Éxito,108,http://www.imn.ac.cr/especial/estacionLlanogrande.html,Automática de Llano Grande de Cartago,"09° 56' 43.6"" N","83° 55' 18.2"" O",2220,Valle Central,9.945444,-83.921722
2026-09-29 22:48:34,4.4,ROI_Lluvia_Estandar,,,,,"De 7 a.md a7a.md 4,4",h De 7 a.r A a 7 a.m A 4 16 18 20 22 4 4 ;,capturas_lluvia\20260929_224834\estacion_109_full_1pct35.png,capturas_lluvia\20260929_224834\estacion_109_ROI_lluvia.png,capturas_lluvia\20260929_224834\estacion_109_ROI_lluvia_op.png,Éxito,109,https://www.imn.ac.cr/especial/estacionPoas.html,"Automática del en el Volcán Poás, Alajuela","10° 11' 21.0"" N","84° 13' 54.0"" O",2598,Valle Central,10.189167,-84.231667
2026-09-29 22:48:34,4.4,ROI_Lluvia_Estandar,,,,,"De 7 a.md a7/amd 4,4",1.1 De 7 a.r O | ; Ms 20 7 44,capturas_lluvia\20260929_224834\estacion_110_full_1pct35.png,capturas_lluvia\20260929_224834\estacion_110_ROI_lluvia.png,capturas_lluvia\20260929_224834\estacion_110_ROI_lluvia_op.png,Éxito,110,http://www.imn.ac.cr/especial/estacionPacayas.html,"Automática de Pacayas, Alvarado, Cartago","09° 54' 55.2"" N","83° 48' 17.3"" O",1712,Valle Central,9.915333,-83.804806
2026-09-29 22:48:34,,,,,,,er E er,De 7 a.m de ayer a 7 a.m de hoy:,capturas_lluvia\20260929_224834\estacion_111_full_1pct35.png,capturas_lluvia\20260929_224834\estacion_111_ROI_lluvia.png,capturas_lluvia\20260929_224834\estacion_111_ROI_lluvia_op.png,Éxito,111,http://www.imn.ac.cr/especial/estacionPatio.html,"Automática de Patio de Agua, Vásquez de Coronado San José","09° 58' 37"" N","83° 58' 12"" O",1690,Valle Central,9.976944,-83.97
2026-09-29 22:48:34,,,,,,,er p:,De 7 a.m de ayer a 7 a.m de hoy:,capturas_lluvia\20260929_224834\estacion_112_full_1pct35.png,capturas_lluvia\20260929_224834\estacion_112_ROI_lluvia.png,capturas_lluvia\20260929_224834\estacion_112_ROI_lluvia_op.png,Éxito,112,https://www.imn.ac.cr/especial/estacionPlantelMSJ.html,"Automática Plantel, Municipalidad de San José, San José","09° 55' 49"" N","84° 05' 36"" O",1137,Valle Central,9.930278,-84.093333
2026-09-29 22:48:34,32.6,ROI_Lluvia_Estandar,,,,,"De 7 a.md a7amd 32,6","E-4 De 7 a.r 1 a 7a.m A MM | ] : 18 20 22 32,€ 0",capturas_lluvia\20260929_224834\estacion_113_full_1pct35.png,capturas_lluvia\20260929_224834\estacion_113_ROI_lluvia.png,capturas_lluvia\20260929_224834\estacion_113_ROI_lluvia_op.png,Éxito,113,http://www.imn.ac.cr/especial/estacionGarita.html,"Automática de RECOPE La Garita, Alajuela","10° 00' 19.0"" N","84° 17' 45.0"" O",740,Valle Central,10.005278,-84.295833
2026-09-29 22:48:34,6.6,ROI_Lluvia_Estandar,,,,,"De 7 a.md a7/amd 6,6","E De 7 a.r E ' a 7 a.m JE OA. | 16 18 20 22 6,6 J",capturas_lluvia\20260929_224834\estacion_114_full_1pct35.png,capturas_lluvia\20260929_224834\estacion_114_ROI_lluvia.png,capturas_lluvia\20260929_224834\estacion_114_ROI_lluvia_op.png,Éxito,114,https://www.imn.ac.cr/especial/estacionOchomogo.html,"Automática de Recope, Ochomogo, Cartago","09° 53' 40"" N","83° 56' 19.41"" O",1546,Valle Central,9.894444,-83.938725
2026-09-29 22:48:34,0.02,ROI_Lluvia_Opcional,,,,,A 16:00 p.m. 12:00 a. n a,"0,02m el fondo del rio",capturas_lluvia\20260929_224834\estacion_115_full_1pct35.png,capturas_lluvia\20260929_224834\estacion_115_ROI_lluvia.png,capturas_lluvia\20260929_224834\estacion_115_ROI_lluvia_op.png,Éxito,115,https://www.imn.ac.cr/especial/estacionMuniStaAnaBosques.html,"Automática Residencial Bosques, Municipalidad de Santa Ana, San José","09° 58' 03.76"" N","84° 11' 20.01"" O",876,Valle Central,9.967711,-84.188892
2026-09-29 22:48:34,,,,,,,er E er,De 7 a.m de ayer a 7 a.m de hoy:,capturas_lluvia\20260929_224834\estacion_116_full_1pct35.png,capturas_lluvia\20260929_224834\estacion_116_ROI_lluvia.png,capturas_lluvia\20260929_224834\estacion_116_ROI_lluvia_op.png,Éxito,116,https://www.imn.ac.cr/especial/estacionMuniStaAnaParaiso.html,"Automática Residencial Paraíso, Municipalidad de Santa Ana, San José","09° 55' 40.6"" N","84° 12' 24.3"" O",932,Valle Central,9.927944,-84.20675
2026-09-29 22:48:34,48.41,ROI_Lluvia_Estandar,,,,,"De 7 a.md a / a.m de 48,41","8 De 7 a.r Ñ a / a.m LA | 6 18 20 22 48,4 0",capturas_lluvia\20260929_224834\estacion_117_full_1pct35.png,capturas_lluvia\20260929_224834\estacion_117_ROI_lluvia.png,capturas_lluvia\20260929_224834\estacion_117_ROI_lluvia_op.png,Éxito,117,http://www.imn.ac.cr/especial/estacionSTB.html,Automática de Santa Bárbara de Heredia,"10° 02' 00"" N","84° 09' 57"" O",1070,Valle Central,10.033333,-84.165833
2026-09-29 22:48:34,91.4,ROI_Lluvia_Estandar,,,,,"De 7 amd a7amd 91,4","E De 7 a.r -N a 7 a.m 416 18 20 22 91,4 0",capturas_lluvia\20260929_224834\estacion_118_full_1pct35.png,capturas_lluvia\20260929_224834\estacion_118_ROI_lluvia.png,capturas_lluvia\20260929_224834\estacion_118_ROI_lluvia_op.png,Éxito,118,http://www.imn.ac.cr/especial/estacionsantalucia.html,"Automática de Santa Lucía, UNA Heredia","10° 01' 22.8"" N","84° 06' 42.3"" O",1257,Valle Central,10.023,-84.11175
2026-09-29 22:48:34,19.0,ROI_Lluvia_Estandar,,,,,"De 7 a.md a7amd 19,0","E De 7 a.r E a 7 a.m A | [A | 16 18 20 22 19,0 0)",capturas_lluvia\20260929_224834\estacion_119_full_1pct35.png,capturas_lluvia\20260929_224834\estacion_119_ROI_lluvia.png,capturas_lluvia\20260929_224834\estacion_119_ROI_lluvia_op.png,Éxito,119,http://www.imn.ac.cr/especial/estacionPotrero.html,"Automática de Potrero Cerrado, Sartalillo de Cartago","09° 54 ' 8.00"" N","83° 53' 9.00"" O",1943,Valle Central,9.902222,-83.885833
2026-09-29 22:48:34,63.0,ROI_Lluvia_Estandar,,,,,"De 7 a.m a7amd 63,0",| 3 De 7 a. E ! a7a. A 03) 0,capturas_lluvia\20260929_224834\estacion_120_full_1pct35.png,capturas_lluvia\20260929_224834\estacion_120_ROI_lluvia.png,capturas_lluvia\20260929_224834\estacion_120_ROI_lluvia_op.png,Éxito,120,http://www.imn.ac.cr/especial/estacionUPaz.html,"Automática Universidad de la Paz, Mora, San José","09° 55' 13.0"" N","84° 16' 22.0"" O",818,Valle Central,9.920278,-84.272778
2026-09-29 22:48:34,29.2,ROI_Lluvia_Estandar,,,,,"De 7 a.md a7amd 29,2",pl De 7 a.r he a ?7/a.m Ni a,capturas_lluvia\20260929_224834\estacion_121_full_1pct35.png,capturas_lluvia\20260929_224834\estacion_121_ROI_lluvia.png,capturas_lluvia\20260929_224834\estacion_121_ROI_lluvia_op.png,Éxito,121,http://www.imn.ac.cr/especial/estacionUTN.html,"Automática de UTN, Atenas, Alajuela","09° 56' 8.00"" N","84° 22' 47.3"" O",437,Valle Central,9.935556,-84.379806
2026-09-29 22:48:34,1.8,ROI_Lluvia_Estandar,,,,,"De 7 a.md a7/amd 1,8","lA De 7 a.r A a /a.m 1 16 18 20 22 1,8 0",capturas_lluvia\20260929_224834\estacion_122_full_1pct35.png,capturas_lluvia\20260929_224834\estacion_122_ROI_lluvia.png,capturas_lluvia\20260929_224834\estacion_122_ROI_lluvia_op.png,Éxito,122,http://www.imn.ac.cr/especial/estacionVirazu.html,"Automática del Volcán Irazú, Alvarado, Cartago","09° 58' 48.0"" N","83° 50' 16.1"" O",3331,Valle Central,9.98,-83.837806
2026-09-29 22:48:34,0.0,ROI_Lluvia_Estandar,,,,,"De 7 a.md a7/amd 0,0","IM De 7 a.r E a 7 a.m 6 08 10 12 0,0 0,0",capturas_lluvia\20260929_224834\estacion_123_full_1pct35.png,capturas_lluvia\20260929_224834\estacion_123_ROI_lluvia.png,capturas_lluvia\20260929_224834\estacion_123_ROI_lluvia_op.png,Éxito,123,http://www.imn.ac.cr/especial/estacionCantagallo.html,"Automática de Canta Gallo, Cariari, Limón","10° 29' 49.0"" N","83° 40' 16.7"" O",31,Caribe Norte,10.496944,-83.671306
2026-09-29 22:48:34,,,,,,,er E er,De 7 a.m de ayer a 7 a.m de hoy:,capturas_lluvia\20260929_224834\estacion_124_full_1pct35.png,capturas_lluvia\20260929_224834\estacion_124_ROI_lluvia.png,capturas_lluvia\20260929_224834\estacion_124_ROI_lluvia_op.png,Éxito,124,http://www.imn.ac.cr/especial/estacionRoxana.html,"Automática de Caramba Farms, Roxana, Pococí","10° 16' 7.00"" N","83° 44' 47.0"" O",113,Caribe Norte,10.268611,-83.746389
2026-09-29 22:48:34,2.8,ROI_Lluvia_Estandar,,,,,"De 7 a.md a7amd 2,8","z ] De 7 a.r E a 7 a.m ¡Mas A 16 18 20 22 2,8 1",capturas_lluvia\20260929_224834\estacion_125_full_1pct35.png,capturas_lluvia\20260929_224834\estacion_125_ROI_lluvia.png,capturas_lluvia\20260929_224834\estacion_125_ROI_lluvia_op.png,Éxito,125,http://www.imn.ac.cr/especial/estacionearth.html,Automática de La Earth,"10° 12' 46.0"" N","83° 45' 40.5"" O",10,Caribe Norte,10.212778,-83.76125
2026-09-29 22:48:34,,,,,,,er E er,De 7 a.m de ayer a 7 a.m de hoy:,capturas_lluvia\20260929_224834\estacion_126_full_1pct35.png,capturas_lluvia\20260929_224834\estacion_126_ROI_lluvia.png,capturas_lluvia\20260929_224834\estacion_126_ROI_lluvia_op.png,Éxito,126,https://www.imn.ac.cr/especial/estacionFrutadePan.html,"Automática de Fruta de Pan, Guápiles, Limón","10° 11' 51.37"" N","83° 51' 27.03"" O",294,Caribe Norte,10.197603,-83.857508
2026-09-29 22:48:34,,,,,,,0,,capturas_lluvia\20260929_224834\estacion_127_full_1pct35.png,capturas_lluvia\20260929_224834\estacion_127_ROI_lluvia.png,capturas_lluvia\20260929_224834\estacion_127_ROI_lluvia_op.png,Éxito,127,http://www.imn.ac.cr/especial/estacionMawamba.html,"Automática Hotel Mawamba, Tortuguero, Pococí, Limón","10° 33' 4.00"" N","83° 30' 27.0"" O",8,Caribe Norte,10.551111,-83.5075
2026-09-29 22:48:34,15.4,ROI_Lluvia_Estandar,,,,,"De 7 a.md a7/amd 15,4 1","x= De 7 a.r DE a7 a.m Ja—_alm - 16 A 20 22 15,1 0",capturas_lluvia\20260929_224834\estacion_128_full_1pct35.png,capturas_lluvia\20260929_224834\estacion_128_ROI_lluvia.png,capturas_lluvia\20260929_224834\estacion_128_ROI_lluvia_op.png,Éxito,128,https://www.imn.ac.cr/especial/estacionGuapiles.html,"Automática Finca Diamantes, Guápiles, Limón","10° 12' 42.2"" N","83° 46' 19.1"" O",262,Caribe Norte,10.211722,-83.771972
2026-09-29 22:48:34,,,,,,,er p:,De 7 a.m de ayer a 7 a.m de hoy:,capturas_lluvia\20260929_224834\estacion_129_full_1pct35.png,capturas_lluvia\20260929_224834\estacion_129_ROI_lluvia.png,capturas_lluvia\20260929_224834\estacion_129_ROI_lluvia_op.png,Éxito,129,http://www.imn.ac.cr/especial/estacionRainforest.html,"Automática Rain Forest, Braulio Carrillo, Guápiles, Pococí, Limón","10° 10' 33.4"" N","83° 55' 4.50"" O",516,Caribe Norte,10.175944,-83.917917
2026-09-29 22:48:34,9.8,ROI_Lluvia_Estandar,,,,,"De 7 a.md a 7 a.m de 9,8 M",2-7 De 7 a.r 3 a 7 a.m A 958 0),capturas_lluvia\20260929_224834\estacion_130_full_1pct35.png,capturas_lluvia\20260929_224834\estacion_130_ROI_lluvia.png,capturas_lluvia\20260929_224834\estacion_130_ROI_lluvia_op.png,Éxito,130,https://www.imn.ac.cr/especial/estacionlimon.html,Automática del Aeropuerto de Limón,"09° 57' 43.0"" N","83° 01' 31.0"" O",5,Caribe Sur,9.961944,-83.025278
2026-09-29 22:48:34,9.0,ROI_Lluvia_Estandar,,,,,"De 7 a.md a7/amd 9,0","E De 7 a.r E , a 7 a.m A | 16 18 20 22 9,0 1",capturas_lluvia\20260929_224834\estacion_131_full_1pct35.png,capturas_lluvia\20260929_224834\estacion_131_ROI_lluvia.png,capturas_lluvia\20260929_224834\estacion_131_ROI_lluvia_op.png,Éxito,131,http://www.imn.ac.cr/especial/estacionCatie.html,"Automática de CATIE, Turrialba, Cartago","09° 53' 29.0"" N","83° 39' 11.0"" O",610,Caribe Sur,9.891389,-83.653056
2026-09-29 22:48:34,,,,,,,er E er,De 7 a.m de ayer a 7 a.m de hoy:,capturas_lluvia\20260929_224834\estacion_132_full_1pct35.png,capturas_lluvia\20260929_224834\estacion_132_ROI_lluvia.png,capturas_lluvia\20260929_224834\estacion_132_ROI_lluvia_op.png,Éxito,132,http://www.imn.ac.cr/especial/estacionCTPlasuiza.html,"Automática CTP La Suiza, Turrialba, Cartago","09° 51' 07.44"" N","83° 37' 01.39"" O",616,Caribe Sur,9.852067,-83.617053
2026-09-29 22:48:34,,,,,,,Lluvia Desd,la última hora:,capturas_lluvia\20260929_224834\estacion_133_full_1pct35.png,capturas_lluvia\20260929_224834\estacion_133_ROI_lluvia.png,capturas_lluvia\20260929_224834\estacion_133_ROI_lluvia_op.png,Éxito,133,http://www.imn.ac.cr/especial/estacionPastora.html,"Automática Escuela La Pastora, Turrialba, Limón","09° 57' 47.8"" N","83° 45' 05.3"" O",1691,Caribe Sur,9.963278,-83.751472
2026-09-29 22:48:34,34.4,ROI_Lluvia_Estandar,,,,,"De 7 a.m d a 7 a.m de 34,4","--] De 7 a.r E 7 a.m 2 4 | 34,4 0)",capturas_lluvia\20260929_224834\estacion_134_full_1pct35.png,capturas_lluvia\20260929_224834\estacion_134_ROI_lluvia.png,capturas_lluvia\20260929_224834\estacion_134_ROI_lluvia_op.png,Éxito,134,http://www.imn.ac.cr/especial/estacionGavilanCanta.html,"Automática Gavilán Canta, Bratsi, Talamanca, Limón","09° 35' 41.3"" N","83° 01' 33.8"" O",124,Caribe Sur,9.594806,-83.026056
2026-09-29 22:48:34,,,,,,,er E er,De 7 a.m de ayer a 7 a.m de hoy:,capturas_lluvia\20260929_224834\estacion_135_full_1pct35.png,capturas_lluvia\20260929_224834\estacion_135_ROI_lluvia.png,capturas_lluvia\20260929_224834\estacion_135_ROI_lluvia_op.png,Éxito,135,http://www.imn.ac.cr/especial/estacionHitoy.html,"Automática de Hitoy Cerere, Limón","09° 40' 23.1"" N","83° 01' 28.4"" O",170,Caribe Sur,9.673083,-83.024556
2026-09-29 22:48:34,5.2,ROI_Lluvia_Opcional,,,,,De 7 a.md a7/amd,"E . De 7 a.r o | a 7 a.m A 5,2 o,",capturas_lluvia\20260929_224834\estacion_136_full_1pct35.png,capturas_lluvia\20260929_224834\estacion_136_ROI_lluvia.png,capturas_lluvia\20260929_224834\estacion_136_ROI_lluvia_op.png,Éxito,136,http://www.imn.ac.cr/especial/estacionManzanillo.html,"Automática de Manzanillo, Talamanca, Limón","09° 37' 53.4"" N","82° 39' 39.7"" O",16,Caribe Sur,9.6315,-82.661028
2026-09-29 22:48:34,8.6,ROI_Lluvia_Estandar,,,,,"il De 7 a.m de a 7 a.m det 8,6 m","E De 7 a.r a , ] 572 A i A 16 18 20 22 8,6 1,",capturas_lluvia\20260929_224834\estacion_137_full_1pct35.png,capturas_lluvia\20260929_224834\estacion_137_ROI_lluvia.png,capturas_lluvia\20260929_224834\estacion_137_ROI_lluvia_op.png,Éxito,137,https://www.imn.ac.cr/especial/estacionJuanVinas.html,"Automática Juan Viñas, Jiménez, Cartago; CONDICIONES ACTUALES DEL TIEMPO Estación Automática dei Juan Viñas, Jiménez, Cartago","09° 53' 46.0"" N","83° 44' 53.4"" O",1181,Caribe Sur,9.896111,-83.748167
2026-09-29 22:48:34,0.0,ROI_Lluvia_Estandar,,,,,"De 7 a.md a 7 a.m de 0,0 m","| De 7 a.r || a /a.m ) 02 04 06 08) 0,0 0",capturas_lluvia\20260929_224834\estacion_138_full_1pct35.png,capturas_lluvia\20260929_224834\estacion_138_ROI_lluvia.png,capturas_lluvia\20260929_224834\estacion_138_ROI_lluvia_op.png,Éxito,138,https://www.imn.ac.cr/especial/estacionMariaLuisa.html,"Automática Maria Luisa, Río Banano, Limón","09° 53' 39.1"" N","83° 06' 25.6"" O",84,Caribe Sur,9.894194,-83.107111
2026-09-29 22:48:34,14.8,ROI_Lluvia_Estandar,,,,,"De 7 a.md a 7 a.m de 14,8","3 De 7 a.r si 1 | — 2 14,0 0",capturas_lluvia\20260929_224834\estacion_139_full_1pct35.png,capturas_lluvia\20260929_224834\estacion_139_ROI_lluvia.png,capturas_lluvia\20260929_224834\estacion_139_ROI_lluvia_op.png,Éxito,139,http://www.imn.ac.cr/especial/estacionMGuayabo.html,Automática de Monumento Nacional Guayabo en Turrialba de Cartago,"09° 58' 10.0"" N","83° 41' 21.0"" O",1105,Caribe Sur,9.969444,-83.689167
2026-09-29 22:48:34,,,,,,,er E er,De 7 a.m de ayer a 7 a.m de hoy:,capturas_lluvia\20260929_224834\estacion_140_full_1pct35.png,capturas_lluvia\20260929_224834\estacion_140_ROI_lluvia.png,capturas_lluvia\20260929_224834\estacion_140_ROI_lluvia_op.png,Éxito,140,http://www.imn.ac.cr/especial/estacionPtovargas.html,"Automática de Puerto Vargas Talamanca, Limón","09° 43' 54.0"" N","82° 48' 54.0"" O",10,Caribe Sur,9.731667,-82.815
2026-09-29 22:48:34,,,,,,,De 7 a.md a7/amd 456,"3 De 7 a.r = a /a.m : A 4016 18 20 22 4 0 0,",capturas_lluvia\20260929_224834\estacion_141_full_1pct35.png,capturas_lluvia\20260929_224834\estacion_141_ROI_lluvia.png,capturas_lluvia\20260929_224834\estacion_141_ROI_lluvia_op.png,Éxito,141,http://www.imn.ac.cr/especial/estacionSitiomata.html,"Automática de Sitio Matas, Turrialba, Cartago","09° 52' 45.0"" N","83° 37' 33.0"" O",848,Caribe Sur,9.879167,-83.625833
2026-09-29 22:48:34,1.0,ROI_Lluvia_Estandar,,,,,"De 7 a.md a7/amd 1,0","mi De 7 a.r =p a 7 a.m e 1,0 o,",capturas_lluvia\20260929_224834\estacion_142_full_1pct35.png,capturas_lluvia\20260929_224834\estacion_142_ROI_lluvia.png,capturas_lluvia\20260929_224834\estacion_142_ROI_lluvia_op.png,Éxito,142,http://www.imn.ac.cr/especial/estacionSixaola.html,"Automática de Sixaola, Talamanca, Limón","09°31' 39.0"" N","82° 38' 1.00"" O",99,Caribe Sur,9.5275,-82.633611
2026-09-29 22:48:34,10.6,ROI_Lluvia_Estandar,,,,,"De 7 a.md a7/amd 10,6","opos De 7 a.r A i | 16 18 20 22 10,€ 1",capturas_lluvia\20260929_224834\estacion_143_full_1pct35.png,capturas_lluvia\20260929_224834\estacion_143_ROI_lluvia.png,capturas_lluvia\20260929_224834\estacion_143_ROI_lluvia_op.png,Éxito,143,http://www.imn.ac.cr/especial/estacionturri.html,"Automática de Turrialba, Cartago","09° 54' 36"" N","83° 40' 44"" O",630,Caribe Sur,9.91,-83.678889
2026-09-29 22:48:34,9.4,ROI_Lluvia_Estandar,,,,,"De 7 a.md a7amd 9,4","Ñ De 7 a.r € a /a.m A E 16 18 20 22 3,4",capturas_lluvia\20260929_224834\estacion_144_full_1pct35.png,capturas_lluvia\20260929_224834\estacion_144_ROI_lluvia.png,capturas_lluvia\20260929_224834\estacion_144_ROI_lluvia_op.png,Éxito,144,http://www.imn.ac.cr/especial/estacionVturri.html,"Automática en el Volcán Turrialba, Turrialba de Cartago","10° 01' 09"" N","83° 45' 23"" O",3343,Caribe Sur,10.019167,-83.756389
